Source:,pilot099_StopBehave-1.mat
Median Go RT @ 50% inhib (ms),Median Go RT @ 53.13% inhib (ms),StDev Go RT (ms),Mean SSD Ladder 1 (ms),Mean SSD Ladder 2 (ms),Subject mean SSD (ms),Discrimination errors (%),Go trial response (%),SSRT @ 50% inhib (ms),SSRT @ 53.13% inhib (ms),Ladder 1 inhib (%),Ladder 2 inhib (%),TR count
493.0,489.8,84.2,287.5,331.3,309.4,0.00,100.00,183.6,180.4,56.3,50.0,180.0,Source:,pilot099_StopBehave-1.mat
Median Go RT @ 50% inhib (ms),Median Go RT @ 53.13% inhib (ms),StDev Go RT (ms),Mean SSD Ladder 1 (ms),Mean SSD Ladder 2 (ms),Subject mean SSD (ms),Discrimination errors (%),Go trial response (%),SSRT @ 50% inhib (ms),SSRT @ 53.13% inhib (ms),Ladder 1 inhib (%),Ladder 2 inhib (%),TR count
493.0,489.8,84.2,287.5,331.3,309.4,0.00,100.00,183.6,180.4,56.3,50.0,180.0,Source:,pilot099_StopBehave-1.mat
Median Go RT @ 50% inhib (ms),Median Go RT @ 53.13% inhib (ms),StDev Go RT (ms),Mean SSD Ladder 1 (ms),Mean SSD Ladder 2 (ms),Subject mean SSD (ms),Discrimination errors (%),Go trial response (%),SSRT @ 50% inhib (ms),SSRT @ 53.13% inhib (ms),Ladder 1 inhib (%),Ladder 2 inhib (%),TR count
493.0,489.8,84.2,287.5,331.3,309.4,0.00,100.00,183.6,180.4,56.3,50.0,180.0,Source:,pilot099_StopBehave-1.mat
Median Go RT @ 50% inhib (ms),Median Go RT @ 53.13% inhib (ms),StDev Go RT (ms),Mean SSD Ladder 1 (ms),Mean SSD Ladder 2 (ms),Subject mean SSD (ms),Discrimination errors (%),Go trial response (%),SSRT @ 50% inhib (ms),SSRT @ 53.13% inhib (ms),Ladder 1 inhib (%),Ladder 2 inhib (%),TR count
493.0,489.8,84.2,287.5,331.3,309.4,0.00,100.00,183.6,180.4,56.3,50.0,180.0,