Date,2014/4/25 15:20
Script,FracBack_OSX
Version,EDC042314
Block,Miniblock,Trial,Type,Cue,IsMatch,KeyPressed,Acc,Rt_us,CueDuration_us,ITIDuration_us,BlockOnset_us,MiniBlockOnset_us,CueOnset_us,ITIOnset_us,EventCodeSequence
Date,2014/4/25 15:24
Script,FracBack_OSX
Version,EDC042314
Block,Miniblock,Trial,Type,Cue,IsMatch,KeyPressed,Acc,Rt_us,CueDuration_us,ITIDuration_us,BlockOnset_us,MiniBlockOnset_us,CueOnset_us,ITIOnset_us,EventCodeSequence
Date,2014/4/25 15:25
Script,FracBack_OSX
Version,EDC042314
Block,Miniblock,Trial,Type,Cue,IsMatch,KeyPressed,Acc,Rt_us,CueDuration_us,ITIDuration_us,BlockOnset_us,MiniBlockOnset_us,CueOnset_us,ITIOnset_us,EventCodeSequence
Date,2014/4/25 15:35
Script,FracBack_OSX
Version,EDC042314
Block,Miniblock,Trial,Type,Cue,IsMatch,KeyPressed,Acc,Rt_us,CueDuration_us,ITIDuration_us,BlockOnset_us,MiniBlockOnset_us,CueOnset_us,ITIOnset_us,EventCodeSequence
1,1,1,0,V,FALSE,2@,1,1.309,0.50001,1.4751,508.9095,520.9344,520.9344,521.4344,22  41
1,1,2,0,X,TRUE,1!,1,0.73488,0.50001,1.4751,508.9095,520.9344,522.9344,523.4344,21  41
1,1,3,0,N,FALSE,,-1,0,0.5,1.4751,508.9095,520.9344,524.9344,525.4344,22  43
1,1,4,0,F,FALSE,2@,1,0.54882,0.5,1.4751,508.9095,520.9344,526.9344,527.4344,22  41
1,1,5,0,T,FALSE,,-1,0,0.5,1.4751,508.9095,520.9344,528.9344,529.4344,22  43
1,1,6,0,X,TRUE,1!,1,0.51008,0.49999,1.4751,508.9095,520.9344,530.9344,531.4344,21  41
1,1,7,0,B,FALSE,2@,1,0.36717,0.5,1.4751,508.9095,520.9344,532.9344,533.4344,22  41
1,1,8,0,X,TRUE,,-1,0,0.50001,1.4751,508.9095,520.9344,534.9344,535.4344,21  43
1,1,9,0,N,FALSE,2@,1,0.37524,0.5,1.4751,508.9095,520.9344,536.9344,537.4344,22  41
1,1,10,0,V,FALSE,2@,1,0.56473,0.50001,1.4751,508.9095,520.9344,538.9344,539.4344,22  41
1,1,11,0,B,FALSE,2@,1,0.7197,0.5,1.4751,508.9095,520.9344,540.9344,541.4344,22  41
1,1,12,0,C,FALSE,2@,1,0.45594,0.5,1.4751,508.9095,520.9344,542.9344,543.4344,22  41
1,1,13,0,X,TRUE,1!,1,0.55721,0.5,1.4751,508.9095,520.9344,544.9344,545.4344,21  41
1,1,14,0,R,FALSE,2@,1,0.42447,0.49999,1.4751,508.9095,520.9344,546.9344,547.4344,22  41
1,1,15,0,X,TRUE,,-1,0,0.5,1.4751,508.9095,520.9344,548.9344,549.4344,21  43
1,2,1,1,S,FALSE,2@,1,0.77456,0.49999,1.4751,508.9095,553.9344,553.9344,554.4344,22  41
1,2,2,1,G,FALSE,2@,1,0.50549,0.49999,1.4751,508.9095,553.9344,555.9344,556.4344,22  41
1,2,3,1,G,TRUE,2@,0,0.6487,0.49999,1.4751,508.9095,553.9344,557.9344,558.4344,21  42
1,2,4,1,L,FALSE,2@,1,0.57562,0.5,1.4751,508.9095,553.9344,559.9344,560.4344,22  41
1,2,5,1,Q,FALSE,,-1,0,0.50001,1.4751,508.9095,553.9344,561.9344,562.4344,22  43
1,2,6,1,Q,TRUE,1!,1,0.40608,0.49999,1.4751,508.9095,553.9344,563.9344,564.4344,21  41
1,2,7,1,B,FALSE,2@,1,0.46983,0.49999,1.4751,508.9095,553.9344,565.9344,566.4344,22  41
1,2,8,1,N,FALSE,,-1,0,0.49999,1.4751,508.9095,553.9344,567.9344,568.4344,22  43
1,2,9,1,N,TRUE,2@,0,0.4908,0.43333,1.4751,508.9095,553.9344,570.0011,570.4344,21  42
1,2,10,1,C,FALSE,2@,1,0.39664,0.5,1.4751,508.9095,553.9344,571.9344,572.4344,22  41
1,2,11,1,C,TRUE,2@,0,0.42793,0.5,1.4751,508.9095,553.9344,573.9344,574.4344,21  42
1,2,12,1,T,FALSE,,-1,0,0.49999,1.4751,508.9095,553.9344,575.9344,576.4344,22  43
1,2,13,1,T,TRUE,1!,1,0.53878,0.5,1.4751,508.9095,553.9344,577.9344,578.4344,21  41
1,2,14,1,W,FALSE,2@,1,0.41281,0.5,1.4751,508.9095,553.9344,579.9344,580.4344,22  41
1,2,15,1,K,FALSE,2@,1,0.5171,0.5,1.4751,508.9095,553.9344,581.9344,582.4344,22  41
1,3,1,2,J,FALSE,2@,1,0.66052,0.5,1.4751,508.9095,586.9344,586.9344,587.4344,22  41
1,3,2,2,S,FALSE,,-1,0,0.49999,1.4751,508.9095,586.9344,588.9344,589.4344,22  43
1,3,3,2,J,TRUE,1!,1,0.60033,0.5,1.4751,508.9095,586.9344,590.9344,591.4344,21  41
1,3,4,2,S,TRUE,2@,0,0.25439,0.5,1.4751,508.9095,586.9344,592.9344,593.4344,21  42
1,3,5,2,B,FALSE,2@,1,0.57876,0.50001,1.4751,508.9095,586.9344,594.9344,595.4344,22  41
1,3,6,2,T,FALSE,2@,1,0.60438,0.50001,1.4751,508.9095,586.9344,596.9344,597.4344,22  41
1,3,7,2,B,TRUE,1!,1,0.53959,0.5,1.4751,508.9095,586.9344,598.9344,599.4344,21  41
1,3,8,2,V,FALSE,2@,1,0.30916,0.5,1.4751,508.9095,586.9344,600.9344,601.4344,22  41
1,3,9,2,S,FALSE,2@,1,0.36489,0.49999,1.4751,508.9095,586.9344,602.9344,603.4344,22  41
1,3,10,2,F,FALSE,2@,1,0.68055,0.50001,1.4751,508.9095,586.9344,604.9344,605.4344,22  41
1,3,11,2,P,FALSE,2@,1,0.41441,0.49999,1.4751,508.9095,586.9344,606.9344,607.4344,22  41
1,3,12,2,F,TRUE,1!,1,0.44902,0.5,1.4751,508.9095,586.9344,608.9344,609.4344,21  41
1,3,13,2,P,TRUE,2@,0,0.23028,0.5,1.4751,508.9095,586.9344,610.9344,611.4344,21  42
1,3,14,2,S,FALSE,,-1,0,0.5,1.4751,508.9095,586.9344,612.9344,613.4344,22  43
1,3,15,2,N,FALSE,2@,1,0.56699,0.5,1.4751,508.9095,586.9344,614.9344,615.4344,22  41
1,4,0,3,REST,0,,0,0,0,0,508.9095,619.9344,0,0,50
1,5,1,1,F,FALSE,,-1,0,0.5,1.4751,508.9095,652.9344,652.9344,653.4344,22  43
1,5,2,1,F,TRUE,1!,1,0.7295,0.5,1.4751,508.9095,652.9344,654.9344,655.4344,21  41
1,5,3,1,R,FALSE,2@,1,0.4769,0.5,1.4751,508.9095,652.9344,656.9344,657.4344,22  41
1,5,4,1,W,FALSE,,-1,0,0.5,1.4751,508.9095,652.9344,658.9344,659.4344,22  43
1,5,5,1,M,FALSE,,-1,0,0.5,1.4751,508.9095,652.9344,660.9344,661.4344,22  43
1,5,6,1,M,TRUE,,-1,0,0.5,1.4751,508.9095,652.9344,662.9344,663.4344,21  43
1,5,7,1,L,FALSE,2@,1,0.35686,0.46666,1.4751,508.9095,652.9344,664.9677,665.4344,22  41
1,5,8,1,H,FALSE,,-1,0,0.5,1.4751,508.9095,652.9344,666.9344,667.4344,22  43
1,5,9,1,H,TRUE,1!,1,0.46915,0.5,1.4751,508.9095,652.9344,668.9344,669.4344,21  41
1,5,10,1,B,FALSE,2@,1,0.36762,0.5,1.4751,508.9095,652.9344,670.9344,671.4344,22  41
1,5,11,1,R,FALSE,2@,1,0.47693,0.5,1.4751,508.9095,652.9344,672.9344,673.4344,22  41
1,5,12,1,R,TRUE,2@,0,0.42031,0.5,1.4751,508.9095,652.9344,674.9344,675.4344,21  42
1,5,13,1,B,FALSE,2@,1,0.47039,0.49999,1.4751,508.9095,652.9344,676.9344,677.4344,22  41
1,5,14,1,B,TRUE,1!,1,0.42268,0.5,1.4751,508.9095,652.9344,678.9344,679.4344,21  41
1,5,15,1,Q,FALSE,2@,1,0.29922,0.49999,1.4751,508.9095,652.9344,680.9344,681.4344,22  41
1,6,1,2,R,FALSE,2@,1,0.609,0.50001,1.4751,508.9095,685.9344,685.9344,686.4344,22  41
1,6,2,2,N,FALSE,,-1,0,0.5,1.4751,508.9095,685.9344,687.9344,688.4344,22  43
1,6,3,2,R,TRUE,1!,1,0.37344,0.5,1.4751,508.9095,685.9344,689.9344,690.4344,21  41
1,6,4,2,V,FALSE,2@,1,0.45256,0.49999,1.4751,508.9095,685.9344,691.9344,692.4344,22  41
1,6,5,2,W,FALSE,,-1,0,0.5,1.4751,508.9095,685.9344,693.9344,694.4344,22  43
1,6,6,2,V,TRUE,1!,1,0.47137,0.50001,1.4751,508.9095,685.9344,695.9344,696.4344,21  41
1,6,7,2,P,FALSE,2@,1,0.26821,0.5,1.4751,508.9095,685.9344,697.9344,698.4344,22  41
1,6,8,2,G,FALSE,2@,1,0.26055,0.5,1.4751,508.9095,685.9344,699.9344,700.4344,22  41
1,6,9,2,P,TRUE,1!,1,0.82988,0.5,1.4751,508.9095,685.9344,701.9344,702.4344,21  41
1,6,10,2,J,FALSE,2@,1,0.54538,0.5,1.4751,508.9095,685.9344,703.9344,704.4344,22  41
1,6,11,2,T,FALSE,2@,1,0.32173,0.5,1.4751,508.9095,685.9344,705.9344,706.4344,22  41
1,6,12,2,J,TRUE,,-1,0,0.5,1.4751,508.9095,685.9344,707.9344,708.4344,21  43
1,6,13,2,M,FALSE,,-1,0,0.5,1.4751,508.9095,685.9344,709.9344,710.4344,22  43
1,6,14,2,Q,FALSE,2@,1,0.23283,0.5,1.4751,508.9095,685.9344,711.9344,712.4344,22  41
1,6,15,2,M,TRUE,1!,1,0.70124,0.49999,1.4751,508.9095,685.9344,713.9344,714.4344,21  41
1,7,1,0,S,FALSE,2@,1,0.4755,0.5,1.4751,508.9095,718.9344,718.9344,719.4344,22  41
1,7,2,0,X,TRUE,1!,1,0.47597,0.49999,1.4751,508.9095,718.9344,720.9344,721.4344,21  41
1,7,3,0,B,FALSE,2@,1,0.32005,0.50001,1.4751,508.9095,718.9344,722.9344,723.4344,22  41
1,7,4,0,X,TRUE,,-1,0,0.49999,1.4751,508.9095,718.9344,724.9344,725.4344,21  43
1,7,5,0,H,FALSE,2@,1,0.37119,0.5,1.4751,508.9095,718.9344,726.9344,727.4344,22  41
1,7,6,0,N,FALSE,2@,1,0.37038,0.50001,1.4751,508.9095,718.9344,728.9344,729.4344,22  41
1,7,7,0,C,FALSE,2@,1,0.32402,0.5,1.4751,508.9095,718.9344,730.9344,731.4344,22  41
1,7,8,0,X,TRUE,1!,1,0.4252,0.5,1.4751,508.9095,718.9344,732.9344,733.4344,21  41
1,7,9,0,D,FALSE,2@,1,0.30385,0.5,1.4751,508.9095,718.9344,734.9344,735.4344,22  41
1,7,10,0,S,FALSE,2@,1,0.37296,0.5,1.4751,508.9095,718.9344,736.9344,737.4344,22  41
1,7,11,0,X,TRUE,,-1,0,0.49999,1.4751,508.9095,718.9344,738.9344,739.4344,21  43
1,7,12,0,G,FALSE,,-1,0,0.5,1.4751,508.9095,718.9344,740.9344,741.4344,22  43
1,7,13,0,T,FALSE,2@,1,0.33138,0.50001,1.4751,508.9095,718.9344,742.9344,743.4344,22  41
1,7,14,0,X,TRUE,1!,1,0.39567,0.49999,1.4751,508.9095,718.9344,744.9344,745.4344,21  41
1,7,15,0,Z,FALSE,2@,1,0.31686,0.49999,1.4751,508.9095,718.9344,746.9344,747.4344,22  41
1,8,0,3,REST,0,,0,0,0,0,508.9095,751.9344,0,0,50
1,9,1,2,Q,FALSE,2@,1,0.43918,0.49999,1.4751,508.9095,784.9344,784.9344,785.4344,22  41
1,9,2,2,G,FALSE,2@,1,0.38608,0.49999,1.4751,508.9095,784.9344,786.9344,787.4344,22  41
1,9,3,2,Q,TRUE,,-1,0,0.5,1.4751,508.9095,784.9344,788.9344,789.4344,21  43
1,9,4,2,G,TRUE,,-1,0,0.5,1.4751,508.9095,784.9344,790.9344,791.4344,21  43
1,9,5,2,Z,FALSE,2@,1,0.25264,0.5,1.4751,508.9095,784.9344,792.9344,793.4344,22  41
1,9,6,2,F,FALSE,2@,1,0.4639,0.5,1.4751,508.9095,784.9344,794.9344,795.4344,22  41
1,9,7,2,Z,TRUE,2@,0,0.37631,0.5,1.4751,508.9095,784.9344,796.9344,797.4344,21  42
1,9,8,2,D,FALSE,,-1,0,0.5,1.4751,508.9095,784.9344,798.9344,799.4344,22  43
1,9,9,2,G,FALSE,2@,1,0.33583,0.50001,1.4751,508.9095,784.9344,800.9344,801.4344,22  41
1,9,10,2,T,FALSE,2@,1,0.56913,0.5,1.4751,508.9095,784.9344,802.9344,803.4344,22  41
1,9,11,2,K,FALSE,2@,1,0.35239,0.50001,1.4751,508.9095,784.9344,804.9344,805.4344,22  41
1,9,12,2,T,TRUE,2@,0,0.34513,0.5,1.4751,508.9095,784.9344,806.9344,807.4344,21  42
1,9,13,2,K,TRUE,2@,0,0.2893,0.49999,1.4751,508.9095,784.9344,808.9344,809.4344,21  42
1,9,14,2,G,FALSE,,-1,0,0.5,1.4751,508.9095,784.9344,810.9344,811.4344,22  43
1,9,15,2,L,FALSE,2@,1,0.5686,0.46666,1.4751,508.9095,784.9344,812.9677,813.4344,22  41
1,10,1,0,D,FALSE,2@,1,0.57682,0.5,1.4751,508.9095,817.9344,817.9344,818.4344,22  41
1,10,2,0,T,FALSE,2@,1,0.54026,0.50001,1.4751,508.9095,817.9344,819.9344,820.4344,22  41
1,10,3,0,X,TRUE,,-1,0,0.50001,1.4751,508.9095,817.9344,821.9344,822.4344,21  43
1,10,4,0,L,FALSE,2@,1,0.25402,0.49999,1.4751,508.9095,817.9344,823.9344,824.4344,22  41
1,10,5,0,F,FALSE,2@,1,0.33251,0.49999,1.4751,508.9095,817.9344,825.9344,826.4344,22  41
1,10,6,0,X,TRUE,1!,1,0.43776,0.50001,1.4751,508.9095,817.9344,827.9344,828.4344,21  41
1,10,7,0,Z,FALSE,2@,1,0.27169,0.49999,1.4751,508.9095,817.9344,829.9344,830.4344,22  41
1,10,8,0,X,TRUE,2@,0,0.24472,0.5,1.4751,508.9095,817.9344,831.9344,832.4344,21  42
1,10,9,0,D,FALSE,2@,1,0.24403,0.5,1.4751,508.9095,817.9344,833.9344,834.4344,22  41
1,10,10,0,Z,FALSE,2@,1,0.49141,0.5,1.4751,508.9095,817.9344,835.9344,836.4344,22  41
1,10,11,0,W,FALSE,2@,1,0.4779,0.5,1.4751,508.9095,817.9344,837.9344,838.4344,22  41
1,10,12,0,X,TRUE,1!,1,0.40251,0.49999,1.4751,508.9095,817.9344,839.9344,840.4344,21  41
1,10,13,0,H,FALSE,,-1,0,0.49999,1.4751,508.9095,817.9344,841.9344,842.4344,22  43
1,10,14,0,X,TRUE,1!,1,0.44456,0.5,1.4751,508.9095,817.9344,843.9344,844.4344,21  41
1,10,15,0,J,FALSE,2@,1,0.302,0.5,1.4751,508.9095,817.9344,845.9344,846.4344,22  41
1,11,1,1,S,FALSE,2@,1,0.93689,0.49999,1.4751,508.9095,850.9344,850.9344,851.4344,22  41
1,11,2,1,S,TRUE,2@,0,0.53885,0.5,1.4751,508.9095,850.9344,852.9344,853.4344,21  42
1,11,3,1,G,FALSE,2@,1,0.46986,0.50001,1.4751,508.9095,850.9344,854.9344,855.4344,22  41
1,11,4,1,N,FALSE,2@,1,0.46956,0.50001,1.4751,508.9095,850.9344,856.9344,857.4344,22  41
1,11,5,1,J,FALSE,2@,1,0.57865,0.5,1.4751,508.9095,850.9344,858.9344,859.4344,22  41
1,11,6,1,J,TRUE,1!,1,0.57535,0.5,1.4751,508.9095,850.9344,860.9344,861.4344,21  41
1,11,7,1,Z,FALSE,,-1,0,0.49999,1.4751,508.9095,850.9344,862.9344,863.4344,22  43
1,11,8,1,L,FALSE,2@,1,0.36194,0.49999,1.4751,508.9095,850.9344,864.9344,865.4344,22  41
1,11,9,1,L,TRUE,2@,0,0.25102,0.5,1.4751,508.9095,850.9344,866.9344,867.4344,21  42
1,11,10,1,W,FALSE,2@,1,0.33845,0.5,1.4751,508.9095,850.9344,868.9344,869.4344,22  41
1,11,11,1,W,TRUE,2@,0,0.48508,0.5,1.4751,508.9095,850.9344,870.9344,871.4344,21  42
1,11,12,1,C,FALSE,2@,1,0.26721,0.49999,1.4751,508.9095,850.9344,872.9344,873.4344,22  41
1,11,13,1,F,FALSE,2@,1,0.26856,0.50001,1.4751,508.9095,850.9344,874.9344,875.4344,22  41
1,11,14,1,F,TRUE,1!,1,0.35755,0.5,1.4751,508.9095,850.9344,876.9344,877.4344,21  41
1,11,15,1,P,FALSE,2@,1,0.25665,0.5,1.4751,508.9095,850.9344,878.9344,879.4344,22  41
1,12,0,3,REST,0,,0,0,0,0,508.9095,883.9344,0,0,50
Date,2014/4/25 15:46
Script,FracBack_OSX
Version,EDC042314
Block,Miniblock,Trial,Type,Cue,IsMatch,KeyPressed,Acc,Rt_us,CueDuration_us,ITIDuration_us,BlockOnset_us,MiniBlockOnset_us,CueOnset_us,ITIOnset_us,EventCodeSequence
Date,2014/4/25 15:46
Script,FracBack_OSX
Version,EDC042314
Block,Miniblock,Trial,Type,Cue,IsMatch,KeyPressed,Acc,Rt_us,CueDuration_us,ITIDuration_us,BlockOnset_us,MiniBlockOnset_us,CueOnset_us,ITIOnset_us,EventCodeSequence
2,1,1,2,H,FALSE,,-1,0,0.5,1.4795,1132.5473,1144.5677,1144.5677,1145.0677,22  43
2,1,2,2,L,FALSE,1!,0,0.49124,0.26667,1.4795,1132.5473,1144.5677,1146.8011,1147.0677,22  42
2,1,3,2,P,FALSE,,-1,0,0.50001,1.4795,1132.5473,1144.5677,1148.5677,1149.0678,22  43
2,1,4,2,D,FALSE,2@,1,0.66655,0.49999,1.4795,1132.5473,1144.5677,1150.5677,1151.0677,22  41
2,1,5,2,P,TRUE,1!,1,0.41158,0.50001,1.4795,1132.5473,1144.5677,1152.5677,1153.0678,21  41
2,1,6,2,D,TRUE,2@,0,0.39926,0.50001,1.4795,1132.5473,1144.5677,1154.5677,1155.0678,21  42
2,1,7,2,K,FALSE,,-1,0,0.51666,1.4629,1132.5473,1144.5677,1156.5678,1157.0844,22  43
2,1,8,2,S,FALSE,2@,1,0.49085,0.5,1.4795,1132.5473,1144.5677,1158.5678,1159.0678,22  41
2,1,9,2,K,TRUE,2@,0,0.46402,0.5,1.4795,1132.5473,1144.5677,1160.5678,1161.0678,21  42
2,1,10,2,Q,FALSE,2@,1,0.47468,0.51666,1.4629,1132.5473,1144.5677,1162.5678,1163.0844,22  41
2,1,11,2,F,FALSE,2@,1,0.7508,0.49999,1.4795,1132.5473,1144.5677,1164.5678,1165.0677,22  41
2,1,12,2,Q,TRUE,1!,1,0.43838,0.5,1.4795,1132.5473,1144.5677,1166.5677,1167.0677,21  41
2,1,13,2,F,TRUE,2@,0,0.32438,0.5,1.4795,1132.5473,1144.5677,1168.5678,1169.0678,21  42
2,1,14,2,S,FALSE,,-1,0,0.49999,1.4795,1132.5473,1144.5677,1170.5678,1171.0677,22  43
2,1,15,2,W,FALSE,2@,1,0.69962,0.5,1.4795,1132.5473,1144.5677,1172.5678,1173.0678,22  41
2,2,1,1,T,FALSE,,-1,0,0.49999,1.4795,1132.5473,1177.5678,1177.5678,1178.0678,22  43
2,2,2,1,T,TRUE,2@,0,0.48706,0.51666,1.4629,1132.5473,1177.5678,1179.5677,1180.0844,21  42
2,2,3,1,H,FALSE,2@,1,0.39714,0.49999,1.4795,1132.5473,1177.5678,1181.5677,1182.0677,22  41
2,2,4,1,C,FALSE,2@,1,0.52285,0.5,1.4795,1132.5473,1177.5678,1183.5677,1184.0677,22  41
2,2,5,1,M,FALSE,2@,1,0.48061,0.51666,1.4629,1132.5473,1177.5678,1185.5678,1186.0844,22  41
2,2,6,1,M,TRUE,2@,0,0.58727,0.50001,1.4795,1132.5473,1177.5678,1187.5677,1188.0678,21  42
2,2,7,1,N,FALSE,,-1,0,0.49999,1.4795,1132.5473,1177.5678,1189.5678,1190.0677,22  43
2,2,8,1,Z,FALSE,2@,1,0.4203,0.49999,1.4795,1132.5473,1177.5678,1191.5678,1192.0677,22  41
2,2,9,1,Z,TRUE,,-1,0,0.49999,1.4795,1132.5473,1177.5678,1193.5677,1194.0677,21  43
2,2,10,1,R,FALSE,2@,1,0.43381,0.49999,1.4795,1132.5473,1177.5678,1195.5677,1196.0677,22  41
2,2,11,1,R,TRUE,2@,0,0.55323,0.49999,1.4795,1132.5473,1177.5678,1197.5678,1198.0677,21  42
2,2,12,1,W,FALSE,2@,1,0.48379,0.5,1.4795,1132.5473,1177.5678,1199.5678,1200.0678,22  41
2,2,13,1,V,FALSE,2@,1,0.5101,0.49999,1.4795,1132.5473,1177.5678,1201.5678,1202.0677,22  41
2,2,14,1,S,FALSE,2@,1,0.34449,0.5,1.4795,1132.5473,1177.5678,1203.5678,1204.0678,22  41
2,2,15,1,S,TRUE,1!,1,0.56956,0.5,1.4795,1132.5473,1177.5678,1205.5678,1206.0677,21  41
2,3,1,0,G,FALSE,,-1,0,0.5,1.4795,1132.5473,1210.5677,1210.5677,1211.0677,22  43
2,3,2,0,X,TRUE,1!,1,0.3623,0.5,1.4795,1132.5473,1210.5677,1212.5677,1213.0677,21  41
2,3,3,0,C,FALSE,,-1,0,0.50001,1.4795,1132.5473,1210.5677,1214.5677,1215.0678,22  43
2,3,4,0,X,TRUE,,-1,0,0.5,1.4795,1132.5473,1210.5677,1216.5678,1217.0678,21  43
2,3,5,0,R,FALSE,2@,1,0.2768,0.5,1.4795,1132.5473,1210.5677,1218.5677,1219.0677,22  41
2,3,6,0,L,FALSE,2@,1,0.30829,0.49999,1.4795,1132.5473,1210.5677,1220.5678,1221.0677,22  41
2,3,7,0,G,FALSE,2@,1,0.41662,0.5,1.4795,1132.5473,1210.5677,1222.5678,1223.0677,22  41
2,3,8,0,W,FALSE,2@,1,0.39148,0.5,1.4795,1132.5473,1210.5677,1224.5677,1225.0677,22  41
2,3,9,0,X,TRUE,1!,1,0.47391,0.5,1.4795,1132.5473,1210.5677,1226.5677,1227.0677,21  41
2,3,10,0,V,FALSE,2@,1,0.27552,0.49999,1.4795,1132.5473,1210.5677,1228.5678,1229.0677,22  41
2,3,11,0,X,TRUE,1!,1,0.45889,0.49999,1.4795,1132.5473,1210.5677,1230.5678,1231.0677,21  41
2,3,12,0,S,FALSE,2@,1,0.27834,0.5,1.4795,1132.5473,1210.5677,1232.5678,1233.0677,22  41
2,3,13,0,P,FALSE,2@,1,0.44044,0.5,1.4795,1132.5473,1210.5677,1234.5677,1235.0678,22  41
2,3,14,0,X,TRUE,1!,1,0.48889,0.51667,1.4629,1132.5473,1210.5677,1236.5677,1237.0844,21  41
2,3,15,0,D,FALSE,2@,1,0.25028,0.5,1.4795,1132.5473,1210.5677,1238.5677,1239.0677,22  41
2,4,0,3,REST,0,,0,0,0,0,1132.5473,1243.5677,0,0,50
2,5,1,1,K,FALSE,,-1,0,0.5,1.4795,1132.5473,1276.5677,1276.5677,1277.0677,22  43
2,5,2,1,W,FALSE,1!,0,0.4637,0.51666,1.4629,1132.5473,1276.5677,1278.5678,1279.0844,22  42
2,5,3,1,W,TRUE,1!,1,0.61315,0.5,1.4795,1132.5473,1276.5677,1280.5678,1281.0677,21  41
2,5,4,1,R,FALSE,,-1,0,0.50001,1.4795,1132.5473,1276.5677,1282.5677,1283.0678,22  43
2,5,5,1,M,FALSE,,-1,0,0.51667,1.4629,1132.5473,1276.5677,1284.5677,1285.0844,22  43
2,5,6,1,M,TRUE,1!,1,0.39398,0.49999,1.4795,1132.5473,1276.5677,1286.5678,1287.0677,21  41
2,5,7,1,D,FALSE,2@,1,0.19597,0.5,1.4795,1132.5473,1276.5677,1288.5677,1289.0678,22  41
2,5,8,1,P,FALSE,2@,1,0.40882,0.5,1.4795,1132.5473,1276.5677,1290.5677,1291.0677,22  41
2,5,9,1,P,TRUE,1!,1,0.41545,0.5,1.4795,1132.5473,1276.5677,1292.5677,1293.0677,21  41
2,5,10,1,C,FALSE,2@,1,0.31615,0.49999,1.4795,1132.5473,1276.5677,1294.5677,1295.0677,22  41
2,5,11,1,C,TRUE,2@,0,0.42322,0.50002,1.4795,1132.5473,1276.5677,1296.5677,1297.0678,21  42
2,5,12,1,J,FALSE,2@,1,0.40855,0.50001,1.4795,1132.5473,1276.5677,1298.5677,1299.0678,22  41
2,5,13,1,J,TRUE,,-1,0,0.50001,1.4795,1132.5473,1276.5677,1300.5677,1301.0678,21  43
2,5,14,1,G,FALSE,2@,1,0.46047,0.49999,1.4795,1132.5473,1276.5677,1302.5678,1303.0677,22  41
2,5,15,1,S,FALSE,,-1,0,0.5,1.4795,1132.5473,1276.5677,1304.5677,1305.0677,22  43
2,6,1,0,H,FALSE,2@,1,0.55389,0.49999,1.4795,1132.5473,1309.5678,1309.5678,1310.0677,22  41
2,6,2,0,X,TRUE,,-1,0,0.49999,1.4795,1132.5473,1309.5678,1311.5678,1312.0677,21  43
2,6,3,0,P,FALSE,2@,1,0.46115,0.49999,1.4795,1132.5473,1309.5678,1313.5678,1314.0677,22  41
2,6,4,0,Z,FALSE,2@,1,0.39179,0.5,1.4795,1132.5473,1309.5678,1315.5678,1316.0678,22  41
2,6,5,0,J,FALSE,,-1,0,0.5,1.4795,1132.5473,1309.5678,1317.5678,1318.0678,22  43
2,6,6,0,X,TRUE,1!,1,0.46884,0.49999,1.4795,1132.5473,1309.5678,1319.5678,1320.0677,21  41
2,6,7,0,D,FALSE,2@,1,0.29863,0.49999,1.4795,1132.5473,1309.5678,1321.5678,1322.0677,22  41
2,6,8,0,X,TRUE,,-1,0,0.5,1.4795,1132.5473,1309.5678,1323.5677,1324.0677,21  43
2,6,9,0,P,FALSE,2@,1,0.27931,0.5,1.4795,1132.5473,1309.5678,1325.5678,1326.0678,22  41
2,6,10,0,H,FALSE,2@,1,0.37012,0.5,1.4795,1132.5473,1309.5678,1327.5677,1328.0677,22  41
2,6,11,0,D,FALSE,2@,1,0.37317,0.5,1.4795,1132.5473,1309.5678,1329.5677,1330.0677,22  41
2,6,12,0,X,TRUE,1!,1,0.38788,0.49999,1.4795,1132.5473,1309.5678,1331.5678,1332.0677,21  41
2,6,13,0,M,FALSE,,-1,0,0.5,1.4795,1132.5473,1309.5678,1333.5678,1334.0678,22  43
2,6,14,0,L,FALSE,2@,1,0.33577,0.5,1.4795,1132.5473,1309.5678,1335.5677,1336.0677,22  41
2,6,15,0,X,TRUE,1!,1,0.40015,0.5,1.4795,1132.5473,1309.5678,1337.5677,1338.0677,21  41
2,7,1,2,T,FALSE,2@,1,0.34539,0.49999,1.4795,1132.5473,1342.5677,1342.5677,1343.0677,22  41
2,7,2,2,K,FALSE,2@,1,0.34236,0.5,1.4795,1132.5473,1342.5677,1344.5677,1345.0678,22  41
2,7,3,2,T,TRUE,1!,1,0.42336,0.50001,1.4795,1132.5473,1342.5677,1346.5677,1347.0677,21  41
2,7,4,2,K,TRUE,,-1,0,0.51666,1.4629,1132.5473,1342.5677,1348.5678,1349.0844,21  43
2,7,5,2,D,FALSE,,-1,0,0.50001,1.4795,1132.5473,1342.5677,1350.5677,1351.0678,22  43
2,7,6,2,J,FALSE,2@,1,0.57332,0.5,1.4795,1132.5473,1342.5677,1352.5677,1353.0677,22  41
2,7,7,2,D,TRUE,2@,0,0.4644,0.5,1.4795,1132.5473,1342.5677,1354.5677,1355.0678,21  42
2,7,8,2,H,FALSE,2@,1,0.53605,0.49999,1.4795,1132.5473,1342.5677,1356.5678,1357.0677,22  41
2,7,9,2,K,FALSE,,-1,0,0.51667,1.4629,1132.5473,1342.5677,1358.5678,1359.0844,22  43
2,7,10,2,Z,FALSE,2@,1,0.54147,0.5,1.4795,1132.5473,1342.5677,1360.5677,1361.0678,22  41
2,7,11,2,N,FALSE,,-1,0,0.49999,1.4795,1132.5473,1342.5677,1362.5678,1363.0677,22  43
2,7,12,2,Z,TRUE,1!,1,0.46982,0.50001,1.4795,1132.5473,1342.5677,1364.5677,1365.0678,21  41
2,7,13,2,N,TRUE,2@,0,0.29237,0.49999,1.4795,1132.5473,1342.5677,1366.5678,1367.0677,21  42
2,7,14,2,K,FALSE,2@,1,0.35528,0.49999,1.4795,1132.5473,1342.5677,1368.5678,1369.0677,22  41
2,7,15,2,P,FALSE,,-1,0,0.5,1.4795,1132.5473,1342.5677,1370.5678,1371.0678,22  43
2,8,0,3,REST,0,,0,0,0,0,1132.5473,1375.5678,0,0,50
2,9,1,0,K,FALSE,,-1,0,0.5,1.4795,1132.5473,1408.5677,1408.5677,1409.0677,22  43
2,9,2,0,X,TRUE,,-1,0,0.49999,1.4795,1132.5473,1408.5677,1410.5678,1411.0677,21  43
2,9,3,0,N,FALSE,2@,1,0.20458,0.5,1.4795,1132.5473,1408.5677,1412.5677,1413.0677,22  41
2,9,4,0,V,FALSE,,-1,0,0.49998,1.4795,1132.5473,1408.5677,1414.5678,1415.0677,22  43
2,9,5,0,X,TRUE,,-1,0,0.51667,1.4629,1132.5473,1408.5677,1416.5678,1417.0844,21  43
2,9,6,0,P,FALSE,2@,1,0.35831,0.50001,1.4795,1132.5473,1408.5677,1418.5677,1419.0678,22  41
2,9,7,0,C,FALSE,2@,1,0.35434,0.49999,1.4795,1132.5473,1408.5677,1420.5678,1421.0677,22  41
2,9,8,0,X,TRUE,1!,1,0.45908,0.49999,1.4795,1132.5473,1408.5677,1422.5678,1423.0677,21  41
2,9,9,0,B,FALSE,,-1,0,0.5,1.4795,1132.5473,1408.5677,1424.5678,1425.0678,22  43
2,9,10,0,K,FALSE,2@,1,0.36302,0.5,1.4795,1132.5473,1408.5677,1426.5678,1427.0677,22  41
2,9,11,0,X,TRUE,1!,1,0.39517,0.50001,1.4795,1132.5473,1408.5677,1428.5677,1429.0678,21  41
2,9,12,0,W,FALSE,2@,1,0.30395,0.5,1.4795,1132.5473,1408.5677,1430.5678,1431.0678,22  41
2,9,13,0,G,FALSE,2@,1,0.45353,0.5,1.4795,1132.5473,1408.5677,1432.5678,1433.0678,22  41
2,9,14,0,X,TRUE,1!,1,0.43186,0.5,1.4795,1132.5473,1408.5677,1434.5677,1435.0677,21  41
2,9,15,0,V,FALSE,,-1,0,0.49999,1.4795,1132.5473,1408.5677,1436.5678,1437.0677,22  43
2,10,1,2,L,FALSE,2@,1,0.59403,0.5,1.4795,1132.5473,1441.5678,1441.5678,1442.0678,22  41
2,10,2,2,P,FALSE,2@,1,0.47493,0.49999,1.4795,1132.5473,1441.5678,1443.5678,1444.0677,22  41
2,10,3,2,L,TRUE,1!,1,0.57015,0.49999,1.4795,1132.5473,1441.5678,1445.5678,1446.0677,21  41
2,10,4,2,H,FALSE,2@,1,0.2885,0.5,1.4795,1132.5473,1441.5678,1447.5678,1448.0677,22  41
2,10,5,2,G,FALSE,2@,1,0.32151,0.49999,1.4795,1132.5473,1441.5678,1449.5678,1450.0677,22  41
2,10,6,2,H,TRUE,1!,1,0.55252,0.5,1.4795,1132.5473,1441.5678,1451.5677,1452.0677,21  41
2,10,7,2,N,FALSE,2@,1,0.23424,0.49999,1.4795,1132.5473,1441.5678,1453.5678,1454.0677,22  41
2,10,8,2,W,FALSE,2@,1,0.58994,0.5,1.4795,1132.5473,1441.5678,1455.5678,1456.0677,22  41
2,10,9,2,N,TRUE,1!,1,0.47383,0.50001,1.4795,1132.5473,1441.5678,1457.5677,1458.0678,21  41
2,10,10,2,T,FALSE,2@,1,0.21142,0.5,1.4795,1132.5473,1441.5678,1459.5677,1460.0677,22  41
2,10,11,2,J,FALSE,2@,1,0.4379,0.5,1.4795,1132.5473,1441.5678,1461.5677,1462.0677,22  41
2,10,12,2,T,TRUE,1!,1,0.34902,0.49999,1.4795,1132.5473,1441.5678,1463.5678,1464.0677,21  41
2,10,13,2,K,FALSE,,-1,0,0.5,1.4795,1132.5473,1441.5678,1465.5678,1466.0678,22  43
2,10,14,2,V,FALSE,,-1,0,0.5,1.4795,1132.5473,1441.5678,1467.5678,1468.0677,22  43
2,10,15,2,K,TRUE,2@,0,0.76292,0.50001,1.4795,1132.5473,1441.5678,1469.5677,1470.0678,21  42
2,11,1,1,Z,FALSE,2@,1,0.5268,0.5,1.4795,1132.5473,1474.5678,1474.5678,1475.0677,22  41
2,11,2,1,Z,TRUE,1!,1,0.57265,0.50001,1.4795,1132.5473,1474.5678,1476.5678,1477.0678,21  41
2,11,3,1,L,FALSE,2@,1,0.36335,0.50001,1.4795,1132.5473,1474.5678,1478.5677,1479.0678,22  41
2,11,4,1,G,FALSE,,-1,0,0.50001,1.4795,1132.5473,1474.5678,1480.5677,1481.0678,22  43
2,11,5,1,Q,FALSE,,-1,0,0.49999,1.4795,1132.5473,1474.5678,1482.5678,1483.0677,22  43
2,11,6,1,Q,TRUE,1!,1,0.3123,0.5,1.4795,1132.5473,1474.5678,1484.5678,1485.0678,21  41
2,11,7,1,R,FALSE,2@,1,0.36926,0.5,1.4795,1132.5473,1474.5678,1486.5678,1487.0678,22  41
2,11,8,1,D,FALSE,,-1,0,0.5,1.4795,1132.5473,1474.5678,1488.5678,1489.0678,22  43
2,11,9,1,V,FALSE,2@,1,0.41487,0.49999,1.4795,1132.5473,1474.5678,1490.5678,1491.0677,22  41
2,11,10,1,V,TRUE,1!,1,0.46672,0.5,1.4795,1132.5473,1474.5678,1492.5678,1493.0678,21  41
2,11,11,1,R,FALSE,,-1,0,0.5,1.4795,1132.5473,1474.5678,1494.5677,1495.0677,22  43
2,11,12,1,R,TRUE,,-1,0,0.5,1.4795,1132.5473,1474.5678,1496.5677,1497.0677,21  43
2,11,13,1,H,FALSE,2@,1,0.20316,0.5,1.4795,1132.5473,1474.5678,1498.5677,1499.0677,22  41
2,11,14,1,H,TRUE,2@,0,0.3704,0.5,1.4795,1132.5473,1474.5678,1500.5677,1501.0678,21  42
2,11,15,1,M,FALSE,2@,1,0.35126,0.49999,1.4795,1132.5473,1474.5678,1502.5678,1503.0677,22  41
2,12,0,3,REST,0,,0,0,0,0,1132.5473,1507.5677,0,0,50
3,1,1,1,W,FALSE,2@,1,0.57363,0.5,1.4785,1587.7629,1599.7844,1599.7844,1600.2844,22  41
3,1,2,1,T,FALSE,2@,1,0.39243,0.50001,1.4785,1587.7629,1599.7844,1601.7844,1602.2844,22  41
3,1,3,1,R,FALSE,2@,1,0.47313,0.49999,1.4785,1587.7629,1599.7844,1603.7844,1604.2844,22  41
3,1,4,1,R,TRUE,1!,1,0.32329,0.50001,1.4785,1587.7629,1599.7844,1605.7844,1606.2844,21  41
3,1,5,1,C,FALSE,2@,1,0.26027,0.5,1.4785,1587.7629,1599.7844,1607.7844,1608.2844,22  41
3,1,6,1,R,FALSE,2@,1,0.40313,0.49999,1.4785,1587.7629,1599.7844,1609.7844,1610.2844,22  41
3,1,7,1,D,FALSE,2@,1,0.47656,0.50001,1.4785,1587.7629,1599.7844,1611.7844,1612.2844,22  41
3,1,8,1,D,TRUE,2@,0,0.4306,0.49999,1.4785,1587.7629,1599.7844,1613.7844,1614.2844,21  42
3,1,9,1,F,FALSE,2@,1,0.28434,0.50001,1.4785,1587.7629,1599.7844,1615.7844,1616.2844,22  41
3,1,10,1,F,TRUE,1!,1,0.30971,0.5,1.4785,1587.7629,1599.7844,1617.7844,1618.2844,21  41
3,1,11,1,Q,FALSE,,-1,0,0.5,1.4785,1587.7629,1599.7844,1619.7844,1620.2844,22  43
3,1,12,1,Q,TRUE,2@,0,0.56069,0.49999,1.4785,1587.7629,1599.7844,1621.7844,1622.2844,21  42
3,1,13,1,P,FALSE,2@,1,0.50542,0.5,1.4785,1587.7629,1599.7844,1623.7844,1624.2844,22  41
3,1,14,1,P,TRUE,,-1,0,0.5,1.4785,1587.7629,1599.7844,1625.7844,1626.2844,21  43
3,1,15,1,S,FALSE,2@,1,0.068115,0.50001,1.4785,1587.7629,1599.7844,1627.7844,1628.2844,22  41
3,2,1,2,T,FALSE,2@,1,0.46222,0.50001,1.4785,1587.7629,1632.7844,1632.7844,1633.2844,22  41
3,2,2,2,R,FALSE,2@,1,0.20989,0.5,1.4785,1587.7629,1632.7844,1634.7844,1635.2844,22  41
3,2,3,2,T,TRUE,1!,1,0.32542,0.5,1.4785,1587.7629,1632.7844,1636.7844,1637.2844,21  41
3,2,4,2,D,FALSE,,-1,0,0.5,1.4785,1587.7629,1632.7844,1638.7844,1639.2844,22  43
3,2,5,2,J,FALSE,2@,1,0.3489,0.5,1.4785,1587.7629,1632.7844,1640.7844,1641.2844,22  41
3,2,6,2,V,FALSE,2@,1,0.48568,0.51666,1.4618,1587.7629,1632.7844,1642.7844,1643.3011,22  41
3,2,7,2,J,TRUE,1!,1,0.5533,0.50001,1.4785,1587.7629,1632.7844,1644.7844,1645.2844,21  41
3,2,8,2,V,TRUE,,-1,0,0.5,1.4785,1587.7629,1632.7844,1646.7844,1647.2844,21  43
3,2,9,2,L,FALSE,2@,1,0.27119,0.50001,1.4785,1587.7629,1632.7844,1648.7844,1649.2844,22  41
3,2,10,2,P,FALSE,2@,1,0.22841,0.5,1.4785,1587.7629,1632.7844,1650.7844,1651.2844,22  41
3,2,11,2,G,FALSE,2@,1,0.46652,0.51667,1.4618,1587.7629,1632.7844,1652.7844,1653.3011,22  41
3,2,12,2,P,TRUE,1!,1,0.34756,0.5,1.4785,1587.7629,1632.7844,1654.7844,1655.2844,21  41
3,2,13,2,D,FALSE,,-1,0,0.49999,1.4785,1587.7629,1632.7844,1656.7844,1657.2844,22  43
3,2,14,2,Q,FALSE,2@,1,0.21958,0.50001,1.4785,1587.7629,1632.7844,1658.7844,1659.2844,22  41
3,2,15,2,D,TRUE,,-1,0,0.50001,1.4785,1587.7629,1632.7844,1660.7844,1661.2844,21  43
3,3,1,0,X,TRUE,2@,0,0.48799,0.51667,1.4618,1587.7629,1665.7844,1665.7844,1666.3011,21  42
3,3,2,0,L,FALSE,,-1,0,0.49999,1.4785,1587.7629,1665.7844,1667.7844,1668.2844,22  43
3,3,3,0,D,FALSE,,-1,0,0.49999,1.4785,1587.7629,1665.7844,1669.7844,1670.2844,22  43
3,3,4,0,K,FALSE,1!,0,0.38171,0.5,1.4785,1587.7629,1665.7844,1671.7844,1672.2844,22  42
3,3,5,0,W,FALSE,2@,1,0.52231,0.5,1.4785,1587.7629,1665.7844,1673.7844,1674.2844,22  41
3,3,6,0,X,TRUE,1!,1,0.45473,0.5,1.4785,1587.7629,1665.7844,1675.7844,1676.2844,21  41
3,3,7,0,W,FALSE,2@,1,0.30217,0.50001,1.4785,1587.7629,1665.7844,1677.7844,1678.2844,22  41
3,3,8,0,V,FALSE,2@,1,0.38581,0.5,1.4785,1587.7629,1665.7844,1679.7844,1680.2844,22  41
3,3,9,0,X,TRUE,1!,1,0.44705,0.49999,1.4785,1587.7629,1665.7844,1681.7844,1682.2844,21  41
3,3,10,0,W,FALSE,2@,1,0.28653,0.49999,1.4785,1587.7629,1665.7844,1683.7844,1684.2844,22  41
3,3,11,0,X,TRUE,1!,1,0.48571,0.51666,1.4618,1587.7629,1665.7844,1685.7844,1686.3011,21  41
3,3,12,0,P,FALSE,,-1,0,0.5,1.4785,1587.7629,1665.7844,1687.7844,1688.2844,22  43
3,3,13,0,K,FALSE,2@,1,0.35421,0.5,1.4785,1587.7629,1665.7844,1689.7844,1690.2844,22  41
3,3,14,0,X,TRUE,1!,1,0.40709,0.50001,1.4785,1587.7629,1665.7844,1691.7844,1692.2844,21  41
3,3,15,0,H,FALSE,2@,1,0.2703,0.50001,1.4785,1587.7629,1665.7844,1693.7844,1694.2844,22  41
3,4,0,3,REST,0,,0,0,0,0,1587.7629,1698.7844,0,0,50
3,5,1,2,K,FALSE,2@,1,0.5794,0.5,1.4785,1587.7629,1731.7844,1731.7844,1732.2844,22  41
3,5,2,2,N,FALSE,2@,1,0.34899,0.5,1.4785,1587.7629,1731.7844,1733.7844,1734.2844,22  41
3,5,3,2,K,TRUE,1!,1,0.347,0.5,1.4785,1587.7629,1731.7844,1735.7844,1736.2844,21  41
3,5,4,2,N,TRUE,2@,0,0.40733,0.5,1.4785,1587.7629,1731.7844,1737.7844,1738.2844,21  42
3,5,5,2,C,FALSE,,-1,0,0.5,1.4785,1587.7629,1731.7844,1739.7844,1740.2844,22  43
3,5,6,2,Z,FALSE,,-1,0,0.51667,1.4618,1587.7629,1731.7844,1741.7844,1742.3011,22  43
3,5,7,2,C,TRUE,,-1,0,0.5,1.4785,1587.7629,1731.7844,1743.7844,1744.2844,21  43
3,5,8,2,B,FALSE,2@,1,0.23806,0.50001,1.4785,1587.7629,1731.7844,1745.7844,1746.2844,22  41
3,5,9,2,V,FALSE,2@,1,0.18929,0.5,1.4785,1587.7629,1731.7844,1747.7844,1748.2844,22  41
3,5,10,2,T,FALSE,2@,1,0.44305,0.5,1.4785,1587.7629,1731.7844,1749.7844,1750.2844,22  41
3,5,11,2,V,TRUE,1!,1,0.68808,0.5,1.4785,1587.7629,1731.7844,1751.7844,1752.2844,21  41
3,5,12,2,P,FALSE,2@,1,0.23569,0.49999,1.4785,1587.7629,1731.7844,1753.7844,1754.2844,22  41
3,5,13,2,Q,FALSE,2@,1,0.29681,0.49999,1.4785,1587.7629,1731.7844,1755.7844,1756.2844,22  41
3,5,14,2,P,TRUE,1!,1,0.55076,0.5,1.4785,1587.7629,1731.7844,1757.7844,1758.2844,21  41
3,5,15,2,H,FALSE,,-1,0,0.5,1.4785,1587.7629,1731.7844,1759.7844,1760.2844,22  43
3,6,1,0,B,FALSE,,-1,0,0.50001,1.4785,1587.7629,1764.7844,1764.7844,1765.2844,22  43
3,6,2,0,D,FALSE,2@,1,0.40998,0.50001,1.4785,1587.7629,1764.7844,1766.7844,1767.2844,22  41
3,6,3,0,X,TRUE,,-1,0,0.50001,1.4785,1587.7629,1764.7844,1768.7844,1769.2844,21  43
3,6,4,0,T,FALSE,,-1,0,0.49999,1.4785,1587.7629,1764.7844,1770.7844,1771.2844,22  43
3,6,5,0,X,TRUE,1!,1,0.51448,0.49999,1.4785,1587.7629,1764.7844,1772.7844,1773.2844,21  41
3,6,6,0,B,FALSE,2@,1,0.30554,0.5,1.4785,1587.7629,1764.7844,1774.7844,1775.2844,22  41
3,6,7,0,J,FALSE,2@,1,0.462,0.51667,1.4618,1587.7629,1764.7844,1776.7844,1777.3011,22  41
3,6,8,0,X,TRUE,1!,1,0.50292,0.50001,1.4785,1587.7629,1764.7844,1778.7844,1779.2844,21  41
3,6,9,0,T,FALSE,2@,1,0.27597,0.5,1.4785,1587.7629,1764.7844,1780.7844,1781.2844,22  41
3,6,10,0,X,TRUE,,-1,0,0.50001,1.4785,1587.7629,1764.7844,1782.7844,1783.2844,21  43
3,6,11,0,L,FALSE,2@,1,0.30294,0.50001,1.4785,1587.7629,1764.7844,1784.7844,1785.2844,22  41
3,6,12,0,X,TRUE,,-1,0,0.5,1.4785,1587.7629,1764.7844,1786.7844,1787.2844,21  43
3,6,13,0,H,FALSE,2@,1,0.35075,0.5,1.4785,1587.7629,1764.7844,1788.7844,1789.2844,22  41
3,6,14,0,Z,FALSE,,-1,0,0.49999,1.4785,1587.7629,1764.7844,1790.7844,1791.2844,22  43
3,6,15,0,R,FALSE,2@,1,0.35371,0.49999,1.4785,1587.7629,1764.7844,1792.7844,1793.2844,22  41
3,7,1,1,S,FALSE,,-1,0,0.5,1.4785,1587.7629,1797.7844,1797.7844,1798.2844,22  43
3,7,2,1,S,TRUE,,-1,0,0.50001,1.4785,1587.7629,1797.7844,1799.7844,1800.2844,21  43
3,7,3,1,Z,FALSE,2@,1,0.32244,0.49999,1.4785,1587.7629,1797.7844,1801.7844,1802.2844,22  41
3,7,4,1,Z,TRUE,1!,1,0.31861,0.49999,1.4785,1587.7629,1797.7844,1803.7844,1804.2844,21  41
3,7,5,1,K,FALSE,2@,1,0.41406,0.5,1.4785,1587.7629,1797.7844,1805.7844,1806.2844,22  41
3,7,6,1,C,FALSE,2@,1,0.41973,0.5,1.4785,1587.7629,1797.7844,1807.7844,1808.2844,22  41
3,7,7,1,S,FALSE,2@,1,0.40301,0.5,1.4785,1587.7629,1797.7844,1809.7844,1810.2844,22  41
3,7,8,1,J,FALSE,2@,1,0.48437,0.50001,1.4785,1587.7629,1797.7844,1811.7844,1812.2844,22  41
3,7,9,1,J,TRUE,1!,1,0.35767,0.5,1.4785,1587.7629,1797.7844,1813.7844,1814.2844,21  41
3,7,10,1,V,FALSE,,-1,0,0.49999,1.4785,1587.7629,1797.7844,1815.7844,1816.2844,22  43
3,7,11,1,B,FALSE,2@,1,0.41192,0.5,1.4785,1587.7629,1797.7844,1817.7844,1818.2844,22  41
3,7,12,1,B,TRUE,1!,1,0.39208,0.5,1.4785,1587.7629,1797.7844,1819.7844,1820.2844,21  41
3,7,13,1,D,FALSE,2@,1,0.20263,0.5,1.4785,1587.7629,1797.7844,1821.7844,1822.2844,22  41
3,7,14,1,D,TRUE,,-1,0,0.51667,1.4618,1587.7629,1797.7844,1823.7844,1824.3011,21  43
3,7,15,1,K,FALSE,2@,1,0.21425,0.5,1.4785,1587.7629,1797.7844,1825.7844,1826.2844,22  41
3,8,0,3,REST,0,,0,0,0,0,1587.7629,1830.7844,0,0,50
3,9,1,0,D,FALSE,,-1,0,0.51666,1.4618,1587.7629,1863.7844,1863.7844,1864.3011,22  43
3,9,2,0,K,FALSE,2@,1,0.45911,0.51666,1.4618,1587.7629,1863.7844,1865.7844,1866.3011,22  41
3,9,3,0,J,FALSE,1!,0,0.39055,0.5,1.4785,1587.7629,1863.7844,1867.7844,1868.2844,22  42
3,9,4,0,X,TRUE,1!,1,0.648,0.5,1.4785,1587.7629,1863.7844,1869.7844,1870.2844,21  41
3,9,5,0,V,FALSE,2@,1,0.35446,0.5,1.4785,1587.7629,1863.7844,1871.7844,1872.2844,22  41
3,9,6,0,N,FALSE,2@,1,0.41566,0.5,1.4785,1587.7629,1863.7844,1873.7844,1874.2844,22  41
3,9,7,0,X,TRUE,,-1,0,0.5,1.4785,1587.7629,1863.7844,1875.7844,1876.2844,21  43
3,9,8,0,W,FALSE,2@,1,0.29468,0.5,1.4785,1587.7629,1863.7844,1877.7844,1878.2844,22  41
3,9,9,0,X,TRUE,1!,1,0.50766,0.49999,1.4785,1587.7629,1863.7844,1879.7844,1880.2844,21  41
3,9,10,0,F,FALSE,,-1,0,0.5,1.4785,1587.7629,1863.7844,1881.7844,1882.2844,22  43
3,9,11,0,T,FALSE,,-1,0,0.49999,1.4785,1587.7629,1863.7844,1883.7844,1884.2844,22  43
3,9,12,0,J,FALSE,1!,0,0.62829,0.49999,1.4785,1587.7629,1863.7844,1885.7844,1886.2844,22  42
3,9,13,0,X,TRUE,1!,1,0.3983,0.5,1.4785,1587.7629,1863.7844,1887.7844,1888.2844,21  41
3,9,14,0,S,FALSE,2@,1,0.2832,0.5,1.4785,1587.7629,1863.7844,1889.7844,1890.2844,22  41
3,9,15,0,X,TRUE,1!,1,0.47518,0.50001,1.4785,1587.7629,1863.7844,1891.7844,1892.2844,21  41
3,10,1,2,K,FALSE,2@,1,0.67351,0.49999,1.4785,1587.7629,1896.7844,1896.7844,1897.2844,22  41
3,10,2,2,P,FALSE,2@,1,0.44944,0.5,1.4785,1587.7629,1896.7844,1898.7844,1899.2844,22  41
3,10,3,2,L,FALSE,,-1,0,0.49999,1.4785,1587.7629,1896.7844,1900.7844,1901.2844,22  43
3,10,4,2,B,FALSE,2@,1,0.51955,0.50001,1.4785,1587.7629,1896.7844,1902.7844,1903.2844,22  41
3,10,5,2,L,TRUE,1!,1,0.61733,0.50001,1.4785,1587.7629,1896.7844,1904.7844,1905.2844,21  41
3,10,6,2,B,TRUE,2@,0,0.28251,0.5,1.4785,1587.7629,1896.7844,1906.7844,1907.2844,21  42
3,10,7,2,D,FALSE,2@,1,0.35613,0.50001,1.4785,1587.7629,1896.7844,1908.7844,1909.2844,22  41
3,10,8,2,D,FALSE,,-1,0,0.49999,1.4785,1587.7629,1896.7844,1910.7844,1911.2844,22  43
3,10,9,2,R,FALSE,,-1,0,0.5,1.4785,1587.7629,1896.7844,1912.7844,1913.2844,22  43
3,10,10,2,C,FALSE,2@,1,0.29051,0.50002,1.4785,1587.7629,1896.7844,1914.7844,1915.2844,22  41
3,10,11,2,R,TRUE,1!,1,0.46433,0.51667,1.4618,1587.7629,1896.7844,1916.7844,1917.3011,21  41
3,10,12,2,C,TRUE,,-1,0,0.50001,1.4785,1587.7629,1896.7844,1918.7844,1919.2844,21  43
3,10,13,2,F,FALSE,2@,1,0.30221,0.49999,1.4785,1587.7629,1896.7844,1920.7844,1921.2844,22  41
3,10,14,2,L,FALSE,,-1,0,0.5,1.4785,1587.7629,1896.7844,1922.7844,1923.2844,22  43
3,10,15,2,F,TRUE,,-1,0,0.5,1.4785,1587.7629,1896.7844,1924.7844,1925.2844,21  43
3,11,1,1,T,FALSE,2@,1,0.38536,0.5,1.4785,1587.7629,1929.7844,1929.7844,1930.2844,22  41
3,11,2,1,T,TRUE,1!,1,0.44011,0.5,1.4785,1587.7629,1929.7844,1931.7844,1932.2844,21  41
3,11,3,1,C,FALSE,2@,1,0.26314,0.5,1.4785,1587.7629,1929.7844,1933.7844,1934.2844,22  41
3,11,4,1,W,FALSE,,-1,0,0.5,1.4785,1587.7629,1929.7844,1935.7844,1936.2844,22  43
3,11,5,1,W,TRUE,1!,1,0.4067,0.50001,1.4785,1587.7629,1929.7844,1937.7844,1938.2844,21  41
3,11,6,1,G,FALSE,2@,1,0.20097,0.5,1.4785,1587.7629,1929.7844,1939.7844,1940.2844,22  41
3,11,7,1,B,FALSE,2@,1,0.41849,0.50001,1.4785,1587.7629,1929.7844,1941.7844,1942.2844,22  41
3,11,8,1,B,TRUE,2@,0,0.40136,0.5,1.4785,1587.7629,1929.7844,1943.7844,1944.2844,21  42
3,11,9,1,S,FALSE,2@,1,0.20303,0.5,1.4785,1587.7629,1929.7844,1945.7844,1946.2844,22  41
3,11,10,1,L,FALSE,,-1,0,0.51667,1.4618,1587.7629,1929.7844,1947.7844,1948.3011,22  43
3,11,11,1,L,TRUE,1!,1,0.43115,0.51668,1.4618,1587.7629,1929.7844,1949.7844,1950.3011,21  41
3,11,12,1,R,FALSE,2@,1,0.21936,0.5,1.4785,1587.7629,1929.7844,1951.7844,1952.2844,22  41
3,11,13,1,N,FALSE,,-1,0,0.5,1.4785,1587.7629,1929.7844,1953.7844,1954.2844,22  43
3,11,14,1,S,FALSE,2@,1,0.42986,0.51667,1.4618,1587.7629,1929.7844,1955.7844,1956.3011,22  41
3,11,15,1,S,TRUE,2@,0,0.38746,0.5,1.4785,1587.7629,1929.7844,1957.7844,1958.2844,21  42
3,12,0,3,REST,0,,0,0,0,0,1587.7629,1962.7844,0,0,50