Date,2014/4/22 17:55
Script,FracBack_OSX
Version,v0.1beta
Block,Miniblock,Trial,Type,Cue,IsMatch,KeyPressed,Acc,Rt_us,CueDuration_us,ITIDuration_us,BlockOnset_us,MiniBlockOnset_us,CueOnset_us,ITIOnset_us,EventCodeSequence
Date,2014/4/22 17:57
Script,FracBack_OSX
Version,v0.1beta
Block,Miniblock,Trial,Type,Cue,IsMatch,KeyPressed,Acc,Rt_us,CueDuration_us,ITIDuration_us,BlockOnset_us,MiniBlockOnset_us,CueOnset_us,ITIOnset_us,EventCodeSequence
Date,2014/4/22 17:58
Script,FracBack_OSX
Version,v0.1beta
Block,Miniblock,Trial,Type,Cue,IsMatch,KeyPressed,Acc,Rt_us,CueDuration_us,ITIDuration_us,BlockOnset_us,MiniBlockOnset_us,CueOnset_us,ITIOnset_us,EventCodeSequence
1,1,1,0,K,FALSE,,-1,0,0.50083,1.4776,34345.1043,34350.1259,34350.1259,34350.6267,22  43
1,1,2,0,J,FALSE,,-1,0,0.46742,1.4743,34345.1043,34350.1259,34352.1626,34352.63,22  43
1,1,3,0,X,TRUE,,-1,0,0.50081,1.471,34345.1043,34350.1259,34354.1325,34354.6333,21  43
1,1,4,0,G,FALSE,6^,0,0.32978,0.50082,1.4677,34345.1043,34350.1259,34356.1358,34356.6366,22  42
1,1,5,0,X,TRUE,,-1,0,0.50082,1.4811,34345.1043,34350.1259,34358.1224,34358.6232,21  43
1,1,6,0,R,FALSE,,-1,0,0.50082,1.4778,34345.1043,34350.1259,34360.1257,34360.6265,22  43
1,1,7,0,S,FALSE,7&,1,0.95813,0.50082,1.4745,34345.1043,34350.1259,34362.129,34362.6298,22  41
1,1,8,0,X,TRUE,7&,0,1.156,0.50083,1.4712,34345.1043,34350.1259,34364.1323,34364.6331,21  42
1,1,9,0,M,FALSE,,-1,0,0.50082,1.468,34345.1043,34350.1259,34366.1355,34366.6364,22  43
1,1,10,0,N,FALSE,,-1,0,0.51751,1.4647,34345.1043,34350.1259,34368.1221,34368.6397,22  43
1,1,11,0,L,FALSE,7&,1,1.3321,0.50082,1.4781,34345.1043,34350.1259,34370.1254,34370.6262,22  41
1,1,12,0,X,TRUE,,-1,0,0.50082,1.4748,34345.1043,34350.1259,34372.1287,34372.6295,21  43
1,1,13,0,P,FALSE,7&,1,0.73986,0.50082,1.4715,34345.1043,34350.1259,34374.132,34374.6328,22  41
1,1,14,0,X,TRUE,,-1,0,0.50082,1.4682,34345.1043,34350.1259,34376.1353,34376.6361,21  43
1,1,15,0,Q,FALSE,,-1,0,0.50082,1.4816,34345.1043,34350.1259,34378.1219,34378.6227,22  43
Date,2014/4/22 18:0
Script,FracBack_OSX
Version,v0.1beta
Block,Miniblock,Trial,Type,Cue,IsMatch,KeyPressed,Acc,Rt_us,CueDuration_us,ITIDuration_us,BlockOnset_us,MiniBlockOnset_us,CueOnset_us,ITIOnset_us,EventCodeSequence
1,1,1,0,K,FALSE,6^,0,1.3165,0.50083,1.4713,34471.6559,34476.6838,34476.6838,34477.1846,22  42
1,1,2,0,J,FALSE,6^,0,1.2398,0.50081,1.4681,34471.6559,34476.6838,34478.6871,34479.1879,22  42
1,1,3,0,X,TRUE,7&,0,0.6872,0.51752,1.4648,34471.6559,34476.6838,34480.6737,34481.1912,21  42
1,1,4,0,G,FALSE,6^,0,0.80203,0.50083,1.4782,34471.6559,34476.6838,34482.6769,34483.1778,22  42
1,1,5,0,X,TRUE,6^,1,0.94538,0.50083,1.4749,34471.6559,34476.6838,34484.6802,34485.1811,21  41
1,1,6,0,R,FALSE,7&,1,0.48385,0.50082,1.4716,34471.6559,34476.6838,34486.6835,34487.1844,22  41
1,1,7,0,S,FALSE,7&,1,0.56838,0.50083,1.4683,34471.6559,34476.6838,34488.6868,34489.1876,22  41
1,1,8,0,X,TRUE,6^,1,0.73613,0.51751,1.465,34471.6559,34476.6838,34490.6734,34491.1909,21  41
1,1,9,0,M,FALSE,7&,1,0.48301,0.50083,1.4784,34471.6559,34476.6838,34492.6767,34493.1775,22  41
1,1,10,0,N,FALSE,7&,1,0.63333,0.50083,1.4751,34471.6559,34476.6838,34494.68,34495.1808,22  41
1,1,11,0,L,FALSE,7&,1,0.5476,0.50082,1.4718,34471.6559,34476.6838,34496.6833,34497.1841,22  41
1,1,12,0,X,TRUE,7&,0,0.38707,0.50083,1.4685,34471.6559,34476.6838,34498.6866,34499.1874,21  42
1,1,13,0,P,FALSE,7&,1,0.71748,0.51752,1.4653,34471.6559,34476.6838,34500.6732,34501.1907,22  41
1,1,14,0,X,TRUE,6^,1,0.53848,0.50082,1.4787,34471.6559,34476.6838,34502.6765,34503.1773,21  41
1,1,15,0,Q,FALSE,7&,1,0.50143,0.50082,1.4754,34471.6559,34476.6838,34504.6797,34505.1806,22  41
2,1,1,1,S,FALSE,,-1,0,0.50083,1.4756,34505.1986,34510.2222,34510.2222,34510.723,22  43
2,1,2,1,Z,FALSE,,-1,0,0.50082,1.4723,34505.1986,34510.2222,34512.2255,34512.7263,22  43
2,1,3,1,Z,TRUE,6^,1,0.66651,0.50084,1.469,34505.1986,34510.2222,34514.2288,34514.7296,21  41
2,1,4,1,L,FALSE,7&,1,0.47244,0.50081,1.4825,34505.1986,34510.2222,34516.2154,34516.7162,22  41
2,1,5,1,G,FALSE,6^,0,0.67653,0.50082,1.4792,34505.1986,34510.2222,34518.2187,34518.7195,22  42
2,1,6,1,Q,FALSE,7&,1,0.34581,0.50081,1.4759,34505.1986,34510.2222,34520.2219,34520.7228,22  41
2,1,7,1,Q,TRUE,6^,1,0.39929,0.50083,1.4726,34505.1986,34510.2222,34522.2252,34522.7261,21  41
2,1,8,1,R,FALSE,7&,1,0.97816,0.50081,1.4693,34505.1986,34510.2222,34524.2285,34524.7293,22  41
2,1,9,1,D,FALSE,7&,1,0.68051,0.50083,1.4827,34505.1986,34510.2222,34526.2151,34526.7159,22  41
2,1,10,1,V,FALSE,7&,1,0.66893,0.50081,1.4794,34505.1986,34510.2222,34528.2184,34528.7192,22  41
2,1,11,1,V,TRUE,7&,0,0.46731,0.50083,1.4761,34505.1986,34510.2222,34530.2217,34530.7225,21  42
2,1,12,1,R,FALSE,7&,1,0.36006,0.50081,1.4728,34505.1986,34510.2222,34532.225,34532.7258,22  41
2,1,13,1,R,TRUE,7&,0,0.54688,0.50083,1.4695,34505.1986,34510.2222,34534.2283,34534.7291,21  42
2,1,14,1,H,FALSE,7&,1,0.59448,0.51751,1.4663,34505.1986,34510.2222,34536.2149,34536.7324,22  41
2,1,15,1,H,TRUE,7&,0,0.45509,0.5008,1.4797,34505.1986,34510.2222,34538.2182,34538.719,21  42
3,1,1,2,L,FALSE,,-1,0,0.50082,1.4759,34538.7373,34543.7606,34543.7606,34544.2614,22  43
3,1,2,2,P,FALSE,7&,1,0.58903,0.50081,1.4726,34538.7373,34543.7606,34545.7639,34546.2647,22  41
3,1,3,2,L,TRUE,6^,1,0.64888,0.50083,1.4693,34538.7373,34543.7606,34547.7672,34548.268,21  41
3,1,4,2,H,FALSE,7&,1,0.54977,0.50083,1.4827,34538.7373,34543.7606,34549.7538,34550.2546,22  41
3,1,5,2,G,FALSE,,-1,0,0.50084,1.4794,34538.7373,34543.7606,34551.7571,34552.2579,22  43
3,1,6,2,H,TRUE,6^,1,0.38511,0.50082,1.4761,34538.7373,34543.7606,34553.7604,34554.2612,21  41
3,1,7,2,N,FALSE,7&,1,0.46921,0.50082,1.4728,34538.7373,34543.7606,34555.7637,34556.2645,22  41
3,1,8,2,W,FALSE,7&,1,0.82523,0.50083,1.4695,34538.7373,34543.7606,34557.7669,34558.2678,22  41
3,1,9,2,N,TRUE,6^,1,0.72554,0.51751,1.4663,34538.7373,34543.7606,34559.7535,34560.271,21  41
3,1,10,2,T,FALSE,7&,1,1.1162,0.5008,1.4797,34538.7373,34543.7606,34561.7568,34562.2576,22  41
3,1,11,2,N,TRUE,6^,1,0.66495,0.50082,1.4764,34538.7373,34543.7606,34563.7601,34564.2609,21  41
3,1,12,2,T,TRUE,,-1,0,0.50083,1.4731,34538.7373,34543.7606,34565.7634,34566.2642,21  43
3,1,13,2,K,FALSE,7&,1,1.0407,0.50083,1.4698,34538.7373,34543.7606,34567.7667,34568.2675,22  41
3,1,14,2,V,FALSE,6^,0,0.90224,0.50082,1.4665,34538.7373,34543.7606,34569.77,34570.2708,22  42
3,1,15,2,Q,FALSE,6^,0,0.73232,0.50082,1.4799,34538.7373,34543.7606,34571.7566,34572.2574,22  42
4,1,1,1,S,FALSE,,-1,0,0.50082,1.4754,34572.509,34577.5327,34577.5327,34578.0336,22  43
4,1,2,1,S,TRUE,,-1,0,0.50082,1.4721,34572.509,34577.5327,34579.536,34580.0369,21  43
4,1,3,1,G,FALSE,6^,0,0.5964,0.50084,1.4688,34572.509,34577.5327,34581.5393,34582.0401,22  42
4,1,4,1,N,FALSE,6^,0,0.62538,0.5175,1.4655,34572.509,34577.5327,34583.5259,34584.0434,22  42
4,1,5,1,J,FALSE,,-1,0,0.50082,1.4789,34572.509,34577.5327,34585.5292,34586.03,22  43
4,1,6,1,J,TRUE,6^,1,0.33287,0.50082,1.4756,34572.509,34577.5327,34587.5325,34588.0333,21  41
4,1,7,1,Z,FALSE,6^,0,1.8084,0.50083,1.4723,34572.509,34577.5327,34589.5358,34590.0366,22  42
4,1,8,1,L,FALSE,7&,1,0.52398,0.50083,1.4691,34572.509,34577.5327,34591.5391,34592.0399,22  41
4,1,9,1,L,TRUE,6^,1,0.56193,0.51751,1.4658,34572.509,34577.5327,34593.5257,34594.0432,21  41
4,1,10,1,W,FALSE,7&,1,1.6402,0.50082,1.4792,34572.509,34577.5327,34595.529,34596.0298,22  41
4,1,11,1,W,TRUE,6^,1,1.2532,0.50083,1.4759,34572.509,34577.5327,34597.5322,34598.0331,21  41
4,1,12,1,C,FALSE,6^,0,1.5992,0.50083,1.4726,34572.509,34577.5327,34599.5355,34600.0364,22  42
4,1,13,1,F,FALSE,6^,0,0.9083,0.50084,1.4693,34572.509,34577.5327,34601.5388,34602.0397,22  42
4,1,14,1,F,TRUE,6^,1,0.59459,0.51752,1.466,34572.509,34577.5327,34603.5254,34604.0429,21  41
4,1,15,1,P,FALSE,7&,1,1.2382,0.50081,1.4794,34572.509,34577.5327,34605.5287,34606.0295,22  41
5,1,1,2,R,FALSE,,-1,0,0.50083,1.4682,34609.9132,34614.9442,34614.9442,34615.445,22  43
5,1,2,2,N,FALSE,,-1,0,0.51753,1.4649,34609.9132,34614.9442,34616.9308,34617.4483,22  43
5,1,3,2,K,FALSE,7&,1,0.80158,0.50082,1.4783,34609.9132,34614.9442,34618.9341,34619.4349,22  41
5,1,4,2,V,FALSE,,-1,0,0.50083,1.475,34609.9132,34614.9442,34620.9374,34621.4382,22  43
5,1,5,2,W,FALSE,6^,0,1.8487,0.21704,1.4717,34609.9132,34614.9442,34623.2244,34623.4415,22  42
5,1,6,2,V,TRUE,6^,1,0.0033033,0.35059,1.4684,34609.9132,34614.9442,34625.0942,34625.4448,21  41
5,1,7,2,P,FALSE,,-1,0,0.50083,1.4818,34609.9132,34614.9442,34626.9305,34627.4314,22  43
5,1,8,2,G,FALSE,,-1,0,0.016694,1.0779,34609.9132,34614.9442,34629.8186,34629.8353,22  43
5,1,9,2,P,TRUE,,-1,0,0.016696,1.108,34609.9132,34614.9442,34631.7885,34631.8052,21  43
5,1,10,2,J,FALSE,,-1,0,0.016698,1.1381,34609.9132,34614.9442,34633.7584,34633.7751,22  43
5,1,11,2,T,FALSE,7&,1,0.36752,0.016691,1.1682,34609.9132,34614.9442,34635.7283,34635.745,22  41
5,1,12,2,J,TRUE,,-1,0,0.51752,1.4654,34609.9132,34614.9442,34636.9303,34637.4478,21  43
5,1,13,2,M,FALSE,,-1,0,0.50082,1.4788,34609.9132,34614.9442,34638.9336,34639.4344,22  43
5,1,14,2,J,TRUE,7&,0,0.43,0.50082,1.4755,34609.9132,34614.9442,34640.9369,34641.4377,21  42
5,1,15,2,M,TRUE,,-1,0,0.50083,1.4722,34609.9132,34614.9442,34642.9402,34643.441,21  43
6,1,1,0,H,FALSE,6^,0,0.81252,0.50081,1.4721,34648.831,34653.8581,34653.8581,34654.3589,22  42
6,1,2,0,X,TRUE,7&,0,0.9382,0.50082,1.4688,34648.831,34653.8581,34655.8614,34656.3622,21  42
6,1,3,0,P,FALSE,6^,0,0.97763,0.51752,1.4655,34648.831,34653.8581,34657.848,34658.3655,22  42
6,1,4,0,Z,FALSE,7&,1,1.0057,0.50081,1.4789,34648.831,34653.8581,34659.8513,34660.3521,22  41
6,1,5,0,J,FALSE,7&,1,1.1469,0.50082,1.4756,34648.831,34653.8581,34661.8546,34662.3554,22  41
6,1,6,0,X,TRUE,6^,1,0.52693,0.50083,1.4723,34648.831,34653.8581,34663.8578,34664.3587,21  41
6,1,7,0,D,FALSE,7&,1,0.59646,0.50083,1.4691,34648.831,34653.8581,34665.8611,34666.362,22  41
6,1,8,0,X,TRUE,7&,0,0.65601,0.51752,1.4658,34648.831,34653.8581,34667.8477,34668.3652,21  42
6,1,9,0,P,FALSE,7&,1,0.61296,0.50083,1.4792,34648.831,34653.8581,34669.851,34670.3518,22  41
6,1,10,0,H,FALSE,7&,1,0.61676,0.50081,1.4759,34648.831,34653.8581,34671.8543,34672.3551,22  41
6,1,11,0,D,FALSE,7&,1,0.62302,0.50083,1.4726,34648.831,34653.8581,34673.8576,34674.3584,22  41
6,1,12,0,X,TRUE,7&,0,0.69187,0.50082,1.4693,34648.831,34653.8581,34675.8609,34676.3617,21  42
6,1,13,0,L,FALSE,7&,1,0.53795,0.51752,1.466,34648.831,34653.8581,34677.8475,34678.365,22  41
6,1,14,0,X,TRUE,7&,0,0.44485,0.50082,1.4794,34648.831,34653.8581,34679.8508,34680.3516,21  42
6,1,15,0,M,FALSE,7&,1,0.42537,0.50083,1.4761,34648.831,34653.8581,34681.8541,34682.3549,22  41
7,1,1,1,Z,FALSE,,-1,0,0.50083,1.4754,34682.3727,34687.3965,34687.3965,34687.8973,22  43
7,1,2,1,Z,TRUE,7&,0,1.1372,0.50082,1.4721,34682.3727,34687.3965,34689.3998,34689.9006,21  42
7,1,3,1,L,FALSE,7&,1,1.0292,0.50082,1.4688,34682.3727,34687.3965,34691.4031,34691.9039,22  41
7,1,4,1,G,FALSE,7&,1,0.72101,0.50083,1.4822,34682.3727,34687.3965,34693.3897,34693.8905,22  41
7,1,5,1,Q,FALSE,7&,1,0.45371,0.50081,1.4789,34682.3727,34687.3965,34695.393,34695.8938,22  41
7,1,6,1,Q,TRUE,7&,0,0.70798,0.50082,1.4756,34682.3727,34687.3965,34697.3963,34697.8971,21  42
7,1,7,1,R,FALSE,6^,0,1.1111,0.50084,1.4723,34682.3727,34687.3965,34699.3995,34699.9004,22  42
7,1,8,1,D,FALSE,7&,1,0.37404,0.50082,1.4691,34682.3727,34687.3965,34701.4028,34701.9037,22  41
7,1,9,1,V,FALSE,7&,1,0.40297,0.50082,1.4825,34682.3727,34687.3965,34703.3894,34703.8903,22  41
7,1,10,1,V,TRUE,7&,0,0.24043,0.50082,1.4792,34682.3727,34687.3965,34705.3927,34705.8936,21  42
7,1,11,1,R,FALSE,7&,1,0.37868,0.50082,1.4759,34682.3727,34687.3965,34707.396,34707.8968,22  41
7,1,12,1,R,TRUE,7&,0,0.57653,0.50082,1.4726,34682.3727,34687.3965,34709.3993,34709.9001,21  42
7,1,13,1,H,FALSE,7&,1,0.84434,0.50082,1.4693,34682.3727,34687.3965,34711.4026,34711.9034,22  41
7,1,14,1,H,TRUE,6^,1,0.60339,0.51752,1.466,34682.3727,34687.3965,34713.3892,34713.9067,21  41
7,1,15,1,M,FALSE,7&,1,0.67262,0.50083,1.4794,34682.3727,34687.3965,34715.3925,34715.8933,22  41
8,1,1,0,D,FALSE,6^,0,0.98433,0.50081,1.4755,34716.0949,34721.1186,34721.1186,34721.6194,22  42
8,1,2,0,T,FALSE,,-1,0,0.50081,1.4722,34716.0949,34721.1186,34723.1219,34723.6227,22  43
8,1,3,0,X,TRUE,,-1,0,0.50082,1.4689,34716.0949,34721.1186,34725.1251,34725.626,21  43
8,1,4,0,L,FALSE,
Date,2014/4/22 18:7
Script,FracBack_OSX
Version,v0.1beta
Block,Miniblock,Trial,Type,Cue,IsMatch,KeyPressed,Acc,Rt_us,CueDuration_us,ITIDuration_us,BlockOnset_us,MiniBlockOnset_us,CueOnset_us,ITIOnset_us,EventCodeSequence
1,1,1,0,K,FALSE,7&,1,0.74053,0.50083,1.4709,34875.5355,34880.5638,34880.5638,34881.0646,22  41
1,1,2,0,J,FALSE,6^,0,0.50408,0.50084,1.4676,34875.5355,34880.5638,34882.567,34883.0679,22  42
1,1,3,0,X,TRUE,6^,1,0.74224,0.50083,1.481,34875.5355,34880.5638,34884.5536,34885.0545,21  41
1,1,4,0,G,FALSE,7&,1,0.58072,0.50081,1.4778,34875.5355,34880.5638,34886.5569,34887.0578,22  41
1,1,5,0,X,TRUE,6^,1,0.87225,0.50083,1.4745,34875.5355,34880.5638,34888.5602,34889.0611,21  41
1,1,6,0,R,FALSE,7&,1,0.50135,0.50082,1.4712,34875.5355,34880.5638,34890.5635,34891.0643,22  41
1,1,7,0,S,FALSE,7&,1,0.68846,0.50082,1.4679,34875.5355,34880.5638,34892.5668,34893.0676,22  41
1,1,8,0,X,TRUE,6^,1,0.7656,0.51753,1.4646,34875.5355,34880.5638,34894.5534,34895.0709,21  41
1,1,9,0,M,FALSE,7&,1,0.48478,0.50083,1.478,34875.5355,34880.5638,34896.5567,34897.0575,22  41
1,1,10,0,N,FALSE,7&,1,0.67919,0.50084,1.4747,34875.5355,34880.5638,34898.56,34899.0608,22  41
1,1,11,0,L,FALSE,7&,1,0.56352,0.50083,1.4714,34875.5355,34880.5638,34900.5633,34901.0641,22  41
1,1,12,0,X,TRUE,6^,1,0.44074,0.50081,1.4681,34875.5355,34880.5638,34902.5666,34903.0674,21  41
1,1,13,0,P,FALSE,7&,1,0.5437,0.5175,1.4648,34875.5355,34880.5638,34904.5532,34905.0707,22  41
1,1,14,0,X,TRUE,6^,1,0.50697,0.50082,1.4782,34875.5355,34880.5638,34906.5564,34907.0573,21  41
1,1,15,0,Q,FALSE,7&,1,0.35996,0.50082,1.475,34875.5355,34880.5638,34908.5597,34909.0606,22  41
2,1,1,1,S,FALSE,6^,0,1.2979,0.50082,1.4669,34910.6392,34915.6714,34915.6714,34916.1722,22  42
2,1,2,1,Z,FALSE,7&,1,1.2059,0.50083,1.4803,34910.6392,34915.6714,34917.658,34918.1588,22  41
2,1,3,1,Z,TRUE,6^,1,0.7803,0.50081,1.4771,34910.6392,34915.6714,34919.6613,34920.1621,21  41
2,1,4,1,L,FALSE,7&,1,1.031,0.50082,1.4738,34910.6392,34915.6714,34921.6646,34922.1654,22  41
2,1,5,1,G,FALSE,7&,1,0.87602,0.50081,1.4705,34910.6392,34915.6714,34923.6679,34924.1687,22  41
2,1,6,1,Q,FALSE,7&,1,0.68767,0.50082,1.4672,34910.6392,34915.6714,34925.6712,34926.172,22  41
2,1,7,1,Q,TRUE,6^,1,0.7092,0.50081,1.4806,34910.6392,34915.6714,34927.6578,34928.1586,21  41
2,1,8,1,R,FALSE,7&,1,0.45771,0.50081,1.4773,34910.6392,34915.6714,34929.6611,34930.1619,22  41
2,1,9,1,D,FALSE,7&,1,0.47241,0.50083,1.474,34910.6392,34915.6714,34931.6643,34932.1652,22  41
2,1,10,1,V,FALSE,7&,1,0.50139,0.50083,1.4707,34910.6392,34915.6714,34933.6676,34934.1685,22  41
2,1,11,1,V,TRUE,6^,1,0.59332,0.50082,1.4674,34910.6392,34915.6714,34935.6709,34936.1718,21  41
2,1,12,1,R,FALSE,7&,1,1.439,0.50083,1.4808,34910.6392,34915.6714,34937.6575,34938.1584,22  41
2,1,13,1,R,TRUE,6^,1,0.6195,0.50082,1.4775,34910.6392,34915.6714,34939.6608,34940.1616,21  41
2,1,14,1,H,FALSE,7&,1,0.71992,0.50083,1.4743,34910.6392,34915.6714,34941.6641,34942.1649,22  41
2,1,15,1,H,TRUE,7&,0,0.52324,0.50081,1.471,34910.6392,34915.6714,34943.6674,34944.1682,21  42
3,1,1,2,L,FALSE,7&,1,1.6689,0.50082,1.4764,34944.2204,34949.2432,34949.2432,34949.744,22  41
3,1,2,2,P,FALSE,7&,1,1.5938,0.50082,1.4731,34944.2204,34949.2432,34951.2465,34951.7473,22  41
3,1,3,2,L,TRUE,6^,1,0.61546,0.50083,1.4698,34944.2204,34949.2432,34953.2498,34953.7506,21  41
3,1,4,2,H,FALSE,7&,1,0.6035,0.50082,1.4665,34944.2204,34949.2432,34955.2531,34955.7539,22  41
3,1,5,2,G,FALSE,7&,1,0.91253,0.50082,1.4799,34944.2204,34949.2432,34957.2397,34957.7405,22  41
3,1,6,2,H,TRUE,6^,1,1.0124,0.50082,1.4766,34944.2204,34949.2432,34959.243,34959.7438,21  41
3,1,7,2,N,FALSE,7&,1,0.5125,0.50082,1.4734,34944.2204,34949.2432,34961.2463,34961.7471,22  41
3,1,8,2,W,FALSE,7&,1,0.65394,0.50082,1.4701,34944.2204,34949.2432,34963.2496,34963.7504,22  41
3,1,9,2,N,TRUE,7&,0,0.68269,0.5175,1.4668,34944.2204,34949.2432,34965.2362,34965.7537,21  42
3,1,10,2,T,FALSE,7&,1,0.9683,0.51752,1.4635,34944.2204,34949.2432,34967.2394,34967.757,22  41
3,1,11,2,N,TRUE,6^,1,0.94228,0.50082,1.4769,34944.2204,34949.2432,34969.2427,34969.7436,21  41
3,1,12,2,T,TRUE,7&,0,0.53016,0.50081,1.4736,34944.2204,34949.2432,34971.246,34971.7468,21  42
3,1,13,2,K,FALSE,7&,1,0.61495,0.50082,1.4703,34944.2204,34949.2432,34973.2493,34973.7501,22  41
3,1,14,2,V,FALSE,6^,0,0.56447,0.50082,1.467,34944.2204,34949.2432,34975.2526,34975.7534,22  42
3,1,15,2,Q,FALSE,7&,1,0.721,0.50081,1.4804,34944.2204,34949.2432,34977.2392,34977.74,22  41
4,1,1,1,S,FALSE,7&,1,1.0255,0.50082,1.4756,34977.9751,34982.9987,34982.9987,34983.4995,22  41
4,1,2,1,S,TRUE,6^,1,0.88736,0.50083,1.4723,34977.9751,34982.9987,34985.0019,34985.5028,21  41
4,1,3,1,G,FALSE,7&,1,0.44986,0.50082,1.469,34977.9751,34982.9987,34987.0052,34987.5061,22  41
4,1,4,1,N,FALSE,7&,1,0.93626,0.51752,1.4657,34977.9751,34982.9987,34988.9918,34989.5094,22  41
4,1,5,1,J,FALSE,7&,1,0.78136,0.50082,1.4791,34977.9751,34982.9987,34990.9951,34991.496,22  41
4,1,6,1,J,TRUE,6^,1,0.63389,0.50082,1.4758,34977.9751,34982.9987,34992.9984,34993.4992,21  41
4,1,7,1,Z,FALSE,7&,1,0.34993,0.50083,1.4725,34977.9751,34982.9987,34995.0017,34995.5025,22  41
4,1,8,1,L,FALSE,7&,1,0.43379,0.50083,1.4692,34977.9751,34982.9987,34997.005,34997.5058,22  41
4,1,9,1,L,TRUE,6^,1,0.44069,0.48413,1.4826,34977.9751,34982.9987,34999.0083,34999.4924,21  41
4,1,10,1,W,FALSE,7&,1,0.46043,0.50083,1.4793,34977.9751,34982.9987,35000.9949,35001.4957,22  41
4,1,11,1,W,TRUE,6^,1,0.53038,0.50083,1.4761,34977.9751,34982.9987,35002.9982,35003.499,21  41
4,1,12,1,C,FALSE,7&,1,0.80814,0.50083,1.4728,34977.9751,34982.9987,35005.0015,35005.5023,22  41
4,1,13,1,F,FALSE,7&,1,0.50136,0.50081,1.4695,34977.9751,34982.9987,35007.0048,35007.5056,22  41
4,1,14,1,F,TRUE,6^,1,0.4338,0.50082,1.4829,34977.9751,34982.9987,35008.9913,35009.4922,21  41
4,1,15,1,P,FALSE,7&,1,0.49319,0.50082,1.4796,34977.9751,34982.9987,35010.9946,35011.4955,22  41
5,1,1,2,R,FALSE,7&,1,0.80678,0.50083,1.4754,35011.5133,35016.5371,35016.5371,35017.0379,22  41
5,1,2,2,N,FALSE,6^,0,0.4678,0.50083,1.4721,35011.5133,35016.5371,35018.5404,35019.0412,22  42
5,1,3,2,K,FALSE,7&,1,0.78444,0.50083,1.4688,35011.5133,35016.5371,35020.5436,35021.0445,22  41
5,1,4,2,V,FALSE,7&,1,0.9987,0.50084,1.4822,35011.5133,35016.5371,35022.5303,35023.0311,22  41
5,1,5,2,W,FALSE,7&,1,0.63429,0.50082,1.479,35011.5133,35016.5371,35024.5335,35025.0344,22  41
5,1,6,2,V,TRUE,7&,0,0.51826,0.50083,1.4757,35011.5133,35016.5371,35026.5368,35027.0377,21  42
5,1,7,2,P,FALSE,7&,1,0.50146,0.50082,1.4724,35011.5133,35016.5371,35028.5401,35029.0409,22  41
5,1,8,2,G,FALSE,7&,1,0.51303,0.50084,1.4691,35011.5133,35016.5371,35030.5434,35031.0442,22  41
5,1,9,2,P,TRUE,6^,1,0.49438,0.50082,1.4825,35011.5133,35016.5371,35032.53,35033.0308,21  41
5,1,10,2,J,FALSE,7&,1,0.26693,0.50083,1.4792,35011.5133,35016.5371,35034.5333,35035.0341,22  41
5,1,11,2,T,FALSE,7&,1,0.62447,0.50082,1.4759,35011.5133,35016.5371,35036.5366,35037.0374,22  41
5,1,12,2,J,TRUE,7&,0,0.50747,0.50082,1.4726,35011.5133,35016.5371,35038.5399,35039.0407,21  42
5,1,13,2,M,FALSE,7&,1,0.55354,0.50083,1.4693,35011.5133,35016.5371,35040.5432,35041.044,22  41
5,1,14,2,J,TRUE,6^,1,0.58929,0.50081,1.466,35011.5133,35016.5371,35042.5465,35043.0473,21  41
5,1,15,2,M,TRUE,7&,0,0.25151,0.50083,1.4794,35011.5133,35016.5371,35044.5331,35045.0339,21  42
6,1,1,0,H,FALSE,7&,1,0.7609,0.50082,1.4682,35046.8475,35051.8785,35051.8785,35052.3793,22  41
6,1,2,0,X,TRUE,6^,1,0.71807,0.50082,1.4816,35046.8475,35051.8785,35053.8651,35054.3659,21  41
6,1,3,0,P,FALSE,7&,1,0.38005,0.50082,1.4783,35046.8475,35051.8785,35055.8683,35056.3692,22  41
6,1,4,0,Z,FALSE,7&,1,0.4339,0.50084,1.475,35046.8475,35051.8785,35057.8716,35058.3725,22  41
6,1,5,0,J,FALSE,6^,0,0.58918,0.50083,1.4717,35046.8475,35051.8785,35059.8749,35060.3757,22  42
6,1,6,0,X,TRUE,6^,1,0.52098,0.50083,1.4684,35046.8475,35051.8785,35061.8782,35062.379,21  41
6,1,7,0,D,FALSE,7&,1,0.50422,0.50081,1.4818,35046.8475,35051.8785,35063.8648,35064.3656,22  41
6,1,8,0,X,TRUE,6^,1,0.57174,0.50081,1.4785,35046.8475,35051.8785,35065.8681,35066.3689,21  41
6,1,9,0,P,FALSE,7&,1,0.3921,0.50082,1.4752,35046.8475,35051.8785,35067.8714,35068.3722,22  41
6,1,10,0,H,FALSE,7&,1,0.47078,0.50083,1.472,35046.8475,35051.8785,35069.8747,35070.3755,22  41
6,1,11,0,D,FALSE,7&,1,0.45751,0.50083,1.4687,35046.8475,35051.8785,35071.878,35072.3788,22  41
6,1,12,0,X,TRUE,6^,1,0.52102,0.51751,1.4654,35046.8475,35051.8785,35073.8646,35074.3821,21  41
6,1,13,0,L,FALSE,7&,1,0.3871,0.50083,1.4788,35046.8475,35051.8785,35075.8679,35076.3687,22  41
6,1,14,0,X,TRUE,6^,1,0.54634,0.50083,1.4755,35046.8475,35051.8785,35077.8711,35078.372,21  41
6,1,15,0,M,FALSE,7&,1,0.36434,0.50083,1.4722,35046.8475,35051.8785,35079.8744,35080.3753,22  41
7,1,1,1,Z,FALSE,7&,1,0.89181,0.50083,1.477,35083.1826,35088.2048,35088.2048,35088.7056,22  41
7,1,2,1,Z,TRUE,6^,1,0.41734,0.50082,1.4737,35083.1826,35088.2048,35090.2081,35090.7089,21  41
7,1,3,1,L,FALSE,7&,1,0.47599,0.50082,1.4705,35083.1826,35088.2048,35092.2114,35092.7122,22  41
7,1,4,1,G,FALSE,7&,1,0.44812,0.50081,1.4672,35083.1826,35088.2048,35094.2147,35094.7155,22  41
7,1,5,1,Q,FALSE,7&,1,0.4695,0.50082,1.4806,35083.1826,35088.2048,35096.2013,35096.7021,22  41
7,1,6,1,Q,TRUE,6^,1,0.4112,0.50081,1.4773,35083.1826,35088.2048,35098.2045,35098.7054,21  41
7,1,7,1,R,FALSE,7&,1,0.30368,0.50082,1.474,35083.1826,35088.2048,35100.2078,35100.7087,22  41
7,1,8,1,D,FALSE,7&,1,0.50143,0.50082,1.4707,35083.1826,35088.2048,35102.2111,35102.7119,22  41
7,1,9,1,V,FALSE,7&,1,0.52131,0.50083,1.4674,35083.1826,35088.2048,35104.2144,35104.7152,22  41
7,1,10,1,V,TRUE,6^,1,0.42282,0.50082,1.4808,35083.1826,35088.2048,35106.201,35106.7018,21  41
7,1,11,1,R,FALSE,7&,1,0.29902,0.50083,1.4775,35083.1826,35088.2048,35108.2043,35108.7051,22  41
7,1,12,1,R,TRUE,6^,1,0.53735,0.50084,1.4742,35083.1826,35088.2048,35110.2076,35110.7084,21  41
7,1,13,1,H,FALSE,7&,1,0.42789,0.50082,1.4709,35083.1826,35088.2048,35112.2109,35112.7117,22  41
7,1,14,1,H,TRUE,7&,0,0.34478,0.50083,1.4677,35083.1826,35088.2048,35114.2142,35114.715,21  42
7,1,15,1,M,FALSE,7&,1,0.53512,0.50082,1.4811,35083.1826,35088.2048,35116.2008,35116.7016,22  41
8,1,1,0,D,FALSE,7&,1,0.63188,0.50083,1.4753,35116.7527,35121.7766,35121.7766,35122.2774,22  41
8,1,2,0,T,FALSE,7&,1,0.54144,0.50082,1.472,35116.7527,35121.7766,35123.7799,35124.2807,22  41
8,1,3,0,X,TRUE,6^,1,0.47267,0.50082,1.4687,35116.7527,35121.7766,35125.7832,35126.284,21  41
8,1,4,0,L,FALSE,7&,1,0.38384,0.50082,1.4821,35116.7527,35121.7766,35127.7698,35128.2706,22  41
8,1,5,0,F,FALSE,7&,1,0.3948,0.50082,1.4788,35116.7527,35121.7766,35129.7731,35130.2739,22  41
8,1,6,0,X,TRUE,7&,0,0.26403,0.50082,1.4756,35116.7527,35121.7766,35131.7763,35132.2772,21  42
8,1,7,0,Z,FALSE,7&,1,0.56574,0.50083,1.4723,35116.7527,35121.7766,35133.7796,35134.2805,22  41
8,1,8,0,D,FALSE,7&,1,0.39974,0.50083,1.469,35116.7527,35121.7766,35135.7829,35136.2837,22  41
8,1,9,0,X,TRUE,6^,1,0.44755,0.50083,1.4824,35116.7527,35121.7766,35137.7695,35138.2703,21  41
8,1,10,0,Z,FALSE,7&,1,0.32371,0.50082,1.4791,35116.7527,35121.7766,35139.7728,35140.2736,22  41
8,1,11,0,X,TRUE,6^,1,0.45569,0.50084,1.4758,35116.7527,35121.7766,35141.7761,35142.2769,21  41
8,1,12,0,W,FALSE,7&,1,0.34854,0.50081,1.4725,35116.7527,35121.7766,35143.7794,35144.2802,22  41
8,1,13,0,X,TRUE,6^,1,0.43271,0.50083,1.4692,35116.7527,35121.7766,35145.7827,35146.2835,21  41
8,1,14,0,H,FALSE,7&,1,0.36769,0.50081,1.4826,35116.7527,35121.7766,35147.7693,35148.2701,22  41
8,1,15,0,J,FALSE,7&,1,0.43693,0.50083,1.4793,35116.7527,35121.7766,35149.7726,35150.2734,22  41
9,1,1,2,T,FALSE,7&,1,0.60362,0.50082,1.4754,35150.2912,35155.315,35155.315,35155.8158,22  41
9,1,2,2,K,FALSE,7&,1,0.66566,0.50082,1.4721,35150.2912,35155.315,35157.3183,35157.8191,22  41
9,1,3,2,T,TRUE,6^,1,0.44679,0.50083,1.4688,35150.2912,35155.315,35159.3216,35159.8224,21  41
9,1,4,2,K,TRUE,7&,0,0.30692,0.50082,1.4822,35150.2912,35155.315,35161.3082,35161.809,21  42
9,1,5,2,D,FALSE,7&,1,0.36177,0.50082,1.4789,35150.2912,35155.315,35163.3115,35163.8123,22  41
9,1,6,2,J,FALSE,7&,1,0.44555,0.50083,1.4756,35150.2912,35155.315,35165.3148,35165.8156,22  41
9,1,7,2,D,TRUE,7&,0,0.62753,0.50081,1.4724,35150.2912,35155.315,35167.3181,35167.8189,21  42
9,1,8,2,H,FALSE,7&,1,0.59011,0.50081,1.4691,35150.2912,35155.315,35169.3213,35169.8222,22  41
9,1,9,2,K,FALSE,7&,1,0.44473,0.50084,1.4825,35150.2912,35155.315,35171.3079,35171.8088,22  41
9,1,10,2,Z,FALSE,7&,1,0.37575,0.50082,1.4792,35150.2912,35155.315,35173.3112,35173.812,22  41
9,1,11,2,N,FALSE,7&,1,0.46036,0.50083,1.4759,35150.2912,35155.315,35175.3145,35175.8153,22  41
9,1,12,2,Z,TRUE,7&,0,0.53855,0.50081,1.4726,35150.2912,35155.315,35177.3178,35177.8186,21  42
9,1,13,2,N,TRUE,7&,0,0.30152,0.50082,1.4693,35150.2912,35155.315,35179.3211,35179.8219,21  42
9,1,14,2,K,FALSE,6^,0,0.30192,0.50082,1.4827,35150.2912,35155.315,35181.3077,35181.8085,22  42
9,1,15,2,P,FALSE,7&,1,0.22551,0.50083,1.4794,35150.2912,35155.315,35183.311,35183.8118,22  41